"course_code","course_title","credits","description"
"ACL 100","ACL 100","3 CRS",""
"ACL 110","ACL 110","3 CRS",""
"ACL 115","ACL 115","3 CRS",""
"ACL 120","ACL 120","3 CRS",""
"ACL 125","ACL 125","3 CRS",""
"ACL 135","ACL 135","3 CRS",""
"ACL 150","ACL 150","3 CRS",""
"ACL 175","ACL 175","3 CRS",""
"ACL 195","ACL 195","3 CRS",""
"ACL 200","ACL 200","3 CRS",""
"ACL 201","ACL 201","3 CRS",""
"ACL 205","ACL 205","3 CRS",""
"ACL 215","ACL 215","3 CRS",""
"ACL 225","ACL 225","3 CRS",""
"ACL 250","ACL 250","3 CRS",""
"ACL 275","ACL 275","3 CRS",""
"ACL 300","ACL 300","3 CRS",""
"CRT 100","CRT 100","3 CRS",""
"CRT 100.6","CRT 100.6","3 CRS",""
"CRT 120","CRT 120","3 CRS",""
"CRT 125","CRT 125","3 CRS",""
"CRT 150","CRT 150","3 CRS",""
"CRT 196","CRT 196","3 CRS",""
"CRT 200","CRT 200","3 CRS",""
"CRT 210","CRT 210","3 CRS",""
"CRT 220","CRT 220","3 CRS",""
"CRT 245","CRT 245","3 CRS",""
"CRT 250","CRT 250","3 CRS",""
"CRT 275","CRT 275","3 CRS",""
"CRT 295","CRT 295","3 CRS",""
"CRT 300","CRT 300","3 CRS",""
"CRT 310","CRT 310","3 CRS",""
"CRT 350","CRT 350","3 CRS",""
"ESL 49","ESL 49","3 HRS",""
"ESL 54","ESL 54","9 HRS",""
"ESL 94RW","ESL 94RW","9 HRS",""
"ESL 96","ESL 96","6 HRS",""
"LIN 100","LIN 100","3 CRS",""
"LIN 100.6","LIN 100.6","3 CRS",""
"LIN 101","LIN 101","3 CRS",""
"LIN 101.6","LIN 101.6","3 CRS",""
"LIN 110","LIN 110","3 CRS",""
"LIN 125","LIN 125","3 CRS",""
"LIN 130","LIN 130","3 CRS",""
"LIN 140","LIN 140","3 CRS",""
"LIN 150","LIN 150","3 CRS",""
"LIN 200","LIN 200","3 CRS",""
"LIN 201","LIN 201","3 CRS",""
"LIN 210","LIN 210","3 CRS",""
"LIN 220","LIN 220","3 CRS",""
"LIN 240","LIN 240","3 CRS",""
"LIN 250","LIN 250","3 CRS",""
"LIN 300","LIN 300","3 CRS",""
"ACC 122","ACC 122","3 CRS",""
"ACC 150","ACC 150","3 CRS",""
"ACC 222","ACC 222","3 CRS",""
"ACC 231","ACC 231","3 CRS",""
"ACC 241","ACC 241","3 CRS",""
"ACC 242","ACC 242","3 CRS",""
"ACC 330","ACC 330","3 CRS",""
"ACC 331","ACC 331","3 CRS",""
"ACC 350","ACC 350","3 CRS",""
"ACC 360","ACC 360","3 CRS",""
"ACC 370","ACC 370","3 CRS",""
"ACC 430","ACC 430","3 CRS",""
"ACC 451","ACC 451","3 CRS",""
"HIT 103","HIT 103","3 CRS",""
"HIT 106","HIT 106","3 CRS",""
"HIT 107","HIT 107","2 CRS",""
"HIT 108","HIT 108","3 CRS",""
"HIT 110","HIT 110","3 CRS",""
"HIT 111","HIT 111","3 CRS",""
"HIT 112","HIT 112","3 CRS",""
"HIT 203","HIT 203","3 CRS",""
"HIT 204","HIT 204","2 CRS",""
"HIT 206","HIT 206","3 CRS",""
"HIT 207","HIT 207","2 CRS",""
"HIT 208","HIT 208","3 CRS",""
"HIT 209","HIT 209","4 CRS",""
"HIT 210","HIT 210","3 CRS",""
"HIT 215","HIT 215","3 CRS",""
"HIT 332","HIT 332","3 CRS",""
"HIT 333","HIT 333","2 CRS",""
"HIT 334","HIT 334","4 CRS",""
"HIT 421","HIT 421","2 CRS",""
"HIT 422","HIT 422","1 CRS",""
"HIT 423","HIT 423","3 CRS",""
"HIT 430","HIT 430","4 CRS",""
"EMC 100","EMC 100","4 CRS",""
"EMC 101","EMC 101","6 CRS",""
"EMC 102","EMC 102","6 CRS",""
"EMC 201","EMC 201","6 CRS",""
"EMC 202","EMC 202","6 CRS",""
"EMC 301","EMC 301","1 CRS",""
"EMC 302","EMC 302","2 CRS",""
"EMC 303","EMC 303","3 CRS",""
"RTT 100","RTT 100","4 CRS",""
"RTT 101","RTT 101","1 CRS",""
"RTT 201","RTT 201","4 CRS",""
"RTT 202","RTT 202","3 CRS",""
"RTT 210","RTT 210","6 CRS",""
"RTT 301","RTT 301","3 CRS",""
"RTT 302","RTT 302","4 CRS",""
"RTT 310","RTT 310","2 CRS",""
"RTT 320","RTT 320","2 CRS",""
"RTT 401","RTT 401","3 CRS",""
"RTT 403","RTT 403","4 CRS",""
"RTT 410","RTT 410","2 CRS",""
"BUS 104","BUS 104","3 CRS",""
"BUS 110","BUS 110","3 CRS",""
"BUS 110.5","BUS 110.5","3 CRS",""
"BUS 121","BUS 121","3 CRS",""
"BUS 150","BUS 150","3 CRS",""
"BUS 200","BUS 200","3 CRS",""
"BUS 201","BUS 201","3 CRS",""
"BUS 210","BUS 210","3 CRS",""
"BUS 219","BUS 219","3 CRS",""
"BUS 220","BUS 220","3 CRS",""
"BUS 222","BUS 222","3 CRS",""
"BUS 225","BUS 225","3 CRS",""
"BUS 311","BUS 311","3 CRS",""
"BUS 320","BUS 320","4 CRS",""
"BUS 476","BUS 476","3 CRS",""
"FNB 100","FNB 100","3 CRS",""
"FNB 230","FNB 230","3 CRS",""
"FNB 250","FNB 250","3 CRS",""
"FNB 300","FNB 300","3 CRS",""
"MAR 100","MAR 100","3 CRS",""
"MAR 210","MAR 210","3 CRS",""
"MAR 220","MAR 220","3 CRS",""
"MAR 230","MAR 230","3 CRS",""
"MAR 300","MAR 300","3 CRS",""
"MAR 320","MAR 320","3 CRS",""
"MAR 330","MAR 330","3 CRS",""
"MAR 340","MAR 340","3 CRS",""
"OFF 111","OFF 111","3 CRS",""
"PAN 100","PAN 100","3 CRS",""
"PAN 230","PAN 230","3 CRS",""
"PAN 240","PAN 240","3 CRS",""
"PAN 250","PAN 250","3 CRS",""
"RMI 110","RMI 110","3 CRS",""
"RMI 220","RMI 220","3 CRS",""
"RMI 230","RMI 230","3 CRS",""
"RMI 240","RMI 240","3 CRS",""
"SBE 100","SBE 100","3 CRS",""
"SBE 201","SBE 201","3 CRS",""
"SBE 400","SBE 400","3 CRS",""
"HTT 200","HTT 200","3 CRS",""
"HTT 201","HTT 201","3 CRS",""
"HTT 301","HTT 301","3 CRS",""
"HTT 350","HTT 350","3 CRS",""
"CIS 100","CIS 100","3 CRS",""
"CIS 115","CIS 115","3 CRS",""
"CIS 120","CIS 120","2 CRS",""
"CIS 140","CIS 140","2 CRS",""
"CIS 155","CIS 155","4 CRS",""
"CIS 160","CIS 160","2 CRS",""
"CIS 165","CIS 165","3 CRS",""
"CIS 180","CIS 180","3 CRS",""
"CIS 200","CIS 200","3 CRS",""
"CIS 207","CIS 207","4 CRS",""
"CIS 220","CIS 220","3 CRS",""
"CIS 235","CIS 235","4 CRS",""
"CIS 255","CIS 255","3 CRS",""
"CIS 272","CIS 272","3 CRS",""
"CIS 280","CIS 280","3 CRS",""
"CIS 285","CIS 285","3 CRS",""
"CIS 316","CIS 316","3 CRS",""
"CIS 317","CIS 317","4 CRS",""
"CIS 325","CIS 325","3 CRS",""
"CIS 335","CIS 335","3 CRS",""
"CIS 345","CIS 345","3 CRS",""
"CIS 359","CIS 359","3 CRS",""
"CIS 362","CIS 362","3 CRS",""
"CIS 364","CIS 364","3 CRS",""
"CIS 365","CIS 365","4 CRS",""
"CIS 370","CIS 370","3 CRS",""
"CIS 385","CIS 385","3 CRS",""
"CIS 390","CIS 390","3 CRS",""
"CIS 395","CIS 395","3 CRS",""
"CIS 420","CIS 420","3 CRS",""
"CIS 440","CIS 440","3 CRS",""
"CIS 445","CIS 445","3 CRS",""
"CIS 455","CIS 455","3 CRS",""
"CIS 459","CIS 459","3 CRS",""
"CIS 465","CIS 465","3 CRS",""
"CIS 475","CIS 475","4 CRS",""
"CIS 480","CIS 480","3 CRS",""
"CIS 485","CIS 485","3 CRS",""
"CIS 490","CIS 490","3 CRS",""
"CIS 495","CIS 495","3 CRS",""
"CSC 101","CSC 101","3 CRS",""
"CSC 102","CSC 102","3 CRS",""
"CSC 103","CSC 103","3 CRS",""
"CSC 110","CSC 110","4 CRS",""
"CSC 111","CSC 111","4 CRS",""
"CSC 203","CSC 203","3 CRS",""
"CSC 210","CSC 210","3 CRS",""
"CSC 211","CSC 211","3 CRS",""
"CSC 215","CSC 215","3 CRS",""
"CSC 230","CSC 230","3 CRS",""
"CSC 231","CSC 231","4 CRS",""
"CSC 310","CSC 310","3 CRS",""
"CSC 330","CSC 330","3 CRS",""
"CSC 331","CSC 331","3 CRS",""
"CSC 350","CSC 350","3 CRS",""
"CSC 410","CSC 410","3 CRS",""
"CSC 430","CSC 430","3 CRS",""
"CSC 450","CSC 450","3 CRS",""
"CSC 470","CSC 470","4 CRS",""
"GIS 101","GIS 101","3 CRS",""
"GIS 201","GIS 201","4 CRS",""
"GIS 261","GIS 261","3 CRS",""
"GIS 325","GIS 325","2 CRS",""
"GIS 361","GIS 361","3 CRS",""
"CRJ 101","CRJ 101","3 CRS",""
"CRJ 102","CRJ 102","3 CRS",""
"CRJ 200","CRJ 200","3 CRS",""
"CRJ 201","CRJ 201","3 CRS",""
"CRJ 202","CRJ 202","3 CRS",""
"CRJ 203","CRJ 203","3 CRS",""
"CRJ 204","CRJ 204","3 CRS",""
"CRJ 300","CRJ 300","3 CRS",""
"CRJ 301","CRJ 301","3 CRS",""
"CYS 100","CYS 100","3 CRS",""
"ENG 100.5","ENG 100.5","3 CRS",""
"ENG 100.7","ENG 100.7","3 CRS",""
"ENG 101","ENG 101","3 CRS",""
"ENG 116","ENG 116","3 CRS",""
"ENG 121","ENG 121","6 CRS",""
"ENG 201","ENG 201","3 CRS",""
"ENG 250","ENG 250","3 CRS",""
"ENG 300","ENG 300","3 CRS",""
"ENG 303","ENG 303","3 CRS",""
"ENG 304","ENG 304","3 CRS",""
"ENG 311","ENG 311","3 CRS",""
"ENG 314","ENG 314","3 CRS",""
"ENG 315","ENG 315","3 CRS",""
"ENG 316","ENG 316","3 CRS",""
"ENG 317","ENG 317","3 CRS",""
"ENG 318","ENG 318","3 CRS",""
"ENG 320","ENG 320","3 CRS",""
"ENG 321","ENG 321","3 CRS",""
"ENG 322","ENG 322","3 CRS",""
"ENG 329","ENG 329","3 CRS",""
"ENG 330","ENG 330","3 CRS",""
"ENG 332","ENG 332","3 CRS",""
"ENG 333","ENG 333","3 CRS",""
"ENG 334","ENG 334","3 CRS",""
"ENG 335","ENG 335","3 CRS",""
"ENG 336","ENG 336","3 CRS",""
"ENG 337","ENG 337","3 CRS",""
"ENG 338","ENG 338","3 CRS",""
"ENG 339","ENG 339","3 CRS",""
"ENG 340","ENG 340","3 CRS",""
"ENG 345","ENG 345","3 CRS",""
"ENG 346","ENG 346","3 CRS",""
"ENG 350/351","ENG 350/351","3 CRS",""
"ENG 353","ENG 353","3 CRS",""
"ENG 358","ENG 358","3 CRS",""
"ENG 360","ENG 360","3 CRS",""
"ENG 371","ENG 371","3 CRS",""
"ENG 372","ENG 372","3 CRS",""
"ENG 373","ENG 373","3 CRS",""
"ENG 381","ENG 381","3 CRS",""
"ENG 382","ENG 382","3 CRS",""
"ENG 383","ENG 383","3 CRS",""
"ENG 384","ENG 384","3 CRS",""
"ENG 391","ENG 391","3 CRS",""
"ENG 392","ENG 392","3 CRS",""
"ENG 393","ENG 393","3 CRS",""
"ENG 394","ENG 394","3 CRS",""
"ENG 395","ENG 395","3 CRS",""
"ENG 3xx","ENG 3xx","",""
"AFN 101","AFN 101","2 CRS",""
"AFN 102","AFN 102","2 CRS",""
"AFN 121","AFN 121","3 CRS",""
"AFN 122","AFN 122","3 CRS",""
"AFN 123","AFN 123","3 CRS",""
"AFN 124","AFN 124","3 CRS",""
"AFN 126","AFN 126","3 CRS",""
"AFN 127","AFN 127","3 CRS",""
"AFN 128","AFN 128","3 CRS",""
"AFN 129","AFN 129","3 CRS",""
"AFN 130","AFN 130","3 CRS",""
"AFN 152","AFN 152","3 CRS",""
"AFN 154","AFN 154","3 CRS",""
"AFN 253","AFN 253","3 CRS",""
"AFN 256","AFN 256","3 CRS",""
"AFN 321","AFN 321","3 CRS",""
"AFN 322","AFN 322","3 CRS",""
"AFN 338","AFN 338","3 CRS",""
"AFL 111","AFL 111","3 CRS",""
"AFL 112","AFL 112","3 CRS",""
"AFL 113","AFL 113","3 CRS",""
"AFL 151","AFL 151","3 CRS",""
"AFL 161","AFL 161","3 CRS",""
"AFL 210","AFL 210","3 CRS",""
"ASN 111","ASN 111","3 CRS",""
"ASN 114","ASN 114","3 CRS",""
"ASN 129","ASN 129","3 CRS",""
"ASN 211","ASN 211","3 CRS",""
"ASN 214","ASN 214","3 CRS",""
"ASN 225","ASN 225","3 CRS",""
"ASN 339","ASN 339","3 CRS",""
"ETH 100","ETH 100","3 CRS",""
"ETH 125","ETH 125","3 CRS",""
"ETH 211","ETH 211","3 CRS",""
"ETH 300","ETH 300","3 CRS",""
"GLS 100","GLS 100","3 CRS",""
"LAT 124","LAT 124","3 CRS",""
"LAT 125","LAT 125","3 CRS",""
"LAT 127","LAT 127","3 CRS",""
"LAT 128","LAT 128","3 CRS",""
"LAT 130","LAT 130","3 CRS",""
"LAT 131","LAT 131","3 CRS",""
"LAT 140","LAT 140","3 CRS",""
"LAT 141","LAT 141","3 CRS",""
"LAT 150","LAT 150","3 CRS",""
"LAT 151","LAT 151","3 CRS",""
"LAT 152","LAT 152","3 CRS",""
"LAT 200","LAT 200","3 CRS",""
"LAT 233","LAT 233","3 CRS",""
"LAT 234","LAT 234","3 CRS",""
"LAT 235","LAT 235","3 CRS",""
"LAT 236","LAT 236","3 CRS",""
"LAT 237","LAT 237","3 CRS",""
"LAT 238","LAT 238","3 CRS",""
"LAT 239","LAT 239","3 CRS",""
"LAT 338","LAT 338","3 CRS",""
"LAT 475","LAT 475","3 CRS",""
"HED 100","HED 100","2 CRS",""
"HED 285","HED 285","3 CRS",""
"HSD 108","HSD 108","3 CRS",""
"HSD 110","HSD 110","3 CRS",""
"HSD 190","HSD 190","3 CRS",""
"HSD 195","HSD 195","3 CRS",""
"HSD 201","HSD 201","3 CRS",""
"HSD 202","HSD 202","3 CRS",""
"HSD 210","HSD 210","2 CRS",""
"HSD 211","HSD 211","3 CRS",""
"HSD 215","HSD 215","3 CRS",""
"HSD 220","HSD 220","3 CRS",""
"HSD 225","HSD 225","3 CRS",""
"HSD 230","HSD 230","3 CRS",""
"HSD 235","HSD 235","3 CRS",""
"HSD 240","HSD 240","3 CRS",""
"HSD 250","HSD 250","3 CRS",""
"HSD 255","HSD 255","3 CRS",""
"HSD 260","HSD 260","3 CRS",""
"HSD 270","HSD 270","3 CRS",""
"HSD 275","HSD 275","3 CRS",""
"HSD 276","HSD 276","3 CRS",""
"HSD 280","HSD 280","3 CRS",""
"HSD 290","HSD 290","3 CRS",""
"HSD 295","HSD 295","3 CRS",""
"HSD 296","HSD 296","3 CRS",""
"HSD 301","HSD 301","3 CRS",""
"HSD 302","HSD 302","3 CRS",""
"HSD 310","HSD 310","3 CRS",""
"HSD 340","HSD 340","3 CRS",""
"HSD 341","HSD 341","3 CRS",""
"HSD 476","HSD 476","3 CRS",""
"MAT 008","MAT 008","4 HRS",""
"MAT 012","MAT 012","6 HRS",""
"MAT 014","MAT 014","6 HRS",""
"MAT 041","MAT 041","4 HRS",""
"MAT 051","MAT 051","4 HRS",""
"MAT 056","MAT 056","6 HRS",""
"MAT 056.5","MAT 056.5","7 HRS",""
"MAT 100","MAT 100","4 CRS",""
"MAT 104","MAT 104","3 CRS",""
"MAT 104.5","MAT 104.5","3 CRS",""
"MAT 109","MAT 109","3 CRS",""
"MAT 110","MAT 110","3 CRS",""
"MAT 110.5","MAT 110.5","3 CRS",""
"MAT 111","MAT 111","3 CRS",""
"MAT 125","MAT 125","4 CRS",""
"MAT 150","MAT 150","4 CRS",""
"MAT 150.5","MAT 150.5","4 CRS",""
"MAT 156","MAT 156","3 CRS",""
"MAT 156.5","MAT 156.5","3 CRS",""
"MAT 157","MAT 157","4 CRS",""
"MAT 157.5","MAT 157.5","4 CRS",""
"MAT 160","MAT 160","4 CRS",""
"MAT 161","MAT 161","3 CRS",""
"MAT 161.5","MAT 161.5","3 CRS",""
"MAT 200","MAT 200","4 CRS",""
"MAT 202","MAT 202","3 CRS",""
"MAT 206","MAT 206","4 CRS",""
"MAT 206.5","MAT 206.5","4 CRS",""
"MAT 208","MAT 208","2 CRS",""
"MAT 209","MAT 209","4 CRS",""
"MAT 214","MAT 214","4 CRS",""
"MAT 214.5","MAT 214.5","4 CRS",""
"MAT 216","MAT 216","4 CRS",""
"MAT 300","MAT 300","4 CRS",""
"MAT 301","MAT 301","4 CRS",""
"MAT 302","MAT 302","4 CRS",""
"MAT 303","MAT 303","4 CRS",""
"MAT 310","MAT 310","3 CRS",""
"MAT 315","MAT 315","3 CRS",""
"MAT 320","MAT 320","3 CRS",""
"MAT 402","MAT 402","4 CRS",""
"MAT 409","MAT 409","4 CRS",""
"MAT 415","MAT 415","3 CRS",""
"MAT 420","MAT 420","3 CRS",""
"MAT 470","MAT 470","4 CRS",""
"MAT 501","MAT 501","3 CRS",""
"MAT 505","MAT 505","3 CRS",""
"MAT 601","MAT 601","4 CRS",""
"ANI 260","ANI 260","3 CRS",""
"ANI 301","ANI 301","3 CRS",""
"ANI 360","ANI 360","3 CRS",""
"ANI 401","ANI 401","3 CRS",""
"ANI 402","ANI 402","3 CRS",""
"ANI 411","ANI 411","3 CRS",""
"ANI 412","ANI 412","3 CRS",""
"MEA 111","MEA 111","3 CRS",""
"MEA 201","MEA 201","2 CRS",""
"MEA 211","MEA 211","3 CRS",""
"MEA 300","MEA 300","3 CRS",""
"MEA 371","MEA 371","2 CRS",""
"MES 140","MES 140","3 CRS",""
"MES 152","MES 152","3 CRS",""
"MES 153","MES 153","3 CRS",""
"MES 160","MES 160","3 CRS",""
"MES 251","MES 251","3 CRS",""
"MMA 100","MMA 100","3 CRS",""
"MMA 215","MMA 215","3 CRS",""
"MMA 225","MMA 225","3 CRS",""
"MMA 235","MMA 235","3 CRS",""
"MMP 100","MMP 100","3 CRS",""
"MMP 200","MMP 200","3 CRS",""
"MMP 202","MMP 202","3 CRS",""
"MMP 210","MMP 210","3 CRS",""
"MMP 220","MMP 220","4 CRS",""
"MMP 230","MMP 230","4 CRS",""
"MMP 240","MMP 240","3 CRS",""
"MMP 250","MMP 250","3 CRS",""
"MMP 270","MMP 270","3 CRS",""
"MMP 271","MMP 271","3 CRS",""
"MMP 280","MMP 280","3 CRS",""
"MMP 301","MMP 301","3 CRS",""
"MMP 310","MMP 310","3 CRS",""
"MMP 320","MMP 320","4 CRS",""
"MMP 340","MMP 340","3 CRS",""
"MMP 350","MMP 350","3 CRS",""
"MMP 401","MMP 401","3 CRS",""
"MMP 420","MMP 420","4 CRS",""
"MMP 460","MMP 460","4 CRS",""
"VAT 100","VAT 100","3 CRS",""
"VAT 150","VAT 150","3 CRS",""
"VAT 151","VAT 151","3 CRS",""
"VAT 152","VAT 152","3 CRS",""
"VAT 153","VAT 153","3 CRS",""
"VAT 160","VAT 160","3 CRS",""
"VAT 161","VAT 161","3 CRS",""
"VAT 165","VAT 165","3 CRS",""
"VAT 170","VAT 170","3 CRS",""
"VAT 171","VAT 171","3 CRS",""
"VAT 260","VAT 260","3 CRS",""
"VAT 261","VAT 261","3 CRS",""
"VAT 265","VAT 265","3 CRS",""
"VAT 271","VAT 271","3 CRS",""
"VAT 302","VAT 302","3 CRS",""
"VAT 303","VAT 303","3 CRS",""
"VAT 310","VAT 310","3 CRS",""
"VAT 311","VAT 311","3 CRS",""
"VAT 312","VAT 312","3 CRS",""
"VAT 313","VAT 313","3 CRS",""
"VAT 401","VAT 401","3 CRS",""
"ASL 105","ASL 105","3 CRS",""
"ASL 106","ASL 106","3 CRS",""
"ASL 121","ASL 121","6 CRS",""
"ARB 105","ARB 105","3 CRS",""
"ARB 106","ARB 106","3 CRS",""
"ARB 107","ARB 107","3 CRS",""
"ARB 121","ARB 121","6 CRS",""
"ARB 200","ARB 200","3 CRS",""
"ARB 210","ARB 210","3 CRS",""
"ARB 221","ARB 221","6 CRS",""
"ARB 300","ARB 300","3 CRS",""
"CHI 101","CHI 101","4 CRS",""
"CHI 102","CHI 102","4 CRS",""
"CHI 105","CHI 105","3 CRS",""
"CHI 106","CHI 106","3 CRS",""
"CHI 107","CHI 107","3 CRS",""
"CHI 170E","CHI 170E","3 CRS",""
"CHI 200","CHI 200","3 CRS",""
"CHI 203","CHI 203","3 CRS",""
"CHI 210","CHI 210","3 CRS",""
"CHI 300","CHI 300","3 CRS",""
"CHI 411","CHI 411","3 CRS",""
"CHI 440","CHI 440","3 CRS",""
"CHI 476","CHI 476","3 CRS",""
"FRN 101","FRN 101","4 CRS",""
"FRN 102","FRN 102","4 CRS",""
"FRN 105","FRN 105","3 CRS",""
"FRN 106","FRN 106","3 CRS",""
"FRN 121","FRN 121","6 CRS",""
"FRN 150","FRN 150","3 CRS",""
"FRN 200","FRN 200","3 CRS",""
"FRN 204","FRN 204","3 CRS",""
"FRN 210","FRN 210","3 CRS",""
"FRN 221","FRN 221","6 CRS",""
"FRN 265","FRN 265","3 CRS",""
"FRN 280E","FRN 280E","3 CRS",""
"FRN 281E","FRN 281E","3 CRS",""
"FRN 300","FRN 300","3 CRS",""
"FRN 370","FRN 370","3 CRS",""
"FRN 400","FRN 400","3 CRS",""
"FRN 430","FRN 430","3 CRS",""
"FRN 435","FRN 435","3 CRS",""
"FRN 440","FRN 440","3 CRS",""
"FRN 446","FRN 446","3 CRS",""
"FRN 456","FRN 456","3 CRS",""
"FRN 460","FRN 460","3 CRS",""
"FRN 461","FRN 461","3 CRS",""
"FRN 462","FRN 462","3 CRS",""
"FRN 476","FRN 476","3 CRS",""
"GER 101","GER 101","4 CRS",""
"GER 102","GER 102","4 CRS",""
"ITL 101","ITL 101","4 CRS",""
"ITL 102","ITL 102","4 CRS",""
"ITL 105","ITL 105","3 CRS",""
"ITL 106","ITL 106","3 CRS",""
"ITL 121","ITL 121","6 CRS",""
"ITL 170E","ITL 170E","3 CRS",""
"ITL 180E","ITL 180E","3 CRS",""
"ITL 200","ITL 200","3 CRS",""
"ITL 204","ITL 204","3 CRS",""
"ITL 205E","ITL 205E","3 CRS",""
"ITL 210","ITL 210","3 CRS",""
"ITL 221","ITL 221","6 CRS",""
"ITL 260","ITL 260","3 CRS",""
"ITL 265","ITL 265","3 CRS",""
"ITL 300","ITL 300","3 CRS",""
"ITL 312E","ITL 312E","3 CRS",""
"ITL 330","ITL 330","3 CRS",""
"PRT 105","PRT 105","3 CRS",""
"PRT 106","PRT 106","3 CRS",""
"SPN 101","SPN 101","4 CRS",""
"SPN 102","SPN 102","4 CRS",""
"SPN 103","SPN 103","4 CRS",""
"SPN 105","SPN 105","3 CRS",""
"SPN 106","SPN 106","3 CRS",""
"SPN 107","SPN 107","3 CRS",""
"SPN 108","SPN 108","3 CRS",""
"SPN 121","SPN 121","6 CRS",""
"SPN 130","SPN 130","2 CRS",""
"SPN 150","SPN 150","3 CRS",""
"SPN 200","SPN 200","3 CRS",""
"SPN 204","SPN 204","3 CRS",""
"SPN 207","SPN 207","3 CRS",""
"SPN 210","SPN 210","3 CRS",""
"SPN 221","SPN 221","6 CRS",""
"SPN 300","SPN 300","3 CRS",""
"SPN 370","SPN 370","3 CRS",""
"SPN 371","SPN 371","3 CRS",""
"SPN 400","SPN 400","3 CRS",""
"SPN 410","SPN 410","3 CRS",""
"SPN 420","SPN 420","3 CRS",""
"SPN 425","SPN 425","3 CRS",""
"SPN 426","SPN 426","3 CRS",""
"SPN 430","SPN 430","3 CRS",""
"SPN 435","SPN 435","3 CRS",""
"SPN 439","SPN 439","3 CRS",""
"SPN 440","SPN 440","3 CRS",""
"SPN 445","SPN 445","3 CRS",""
"SPN 450","SPN 450","3 CRS",""
"SPN 455","SPN 455","3 CRS",""
"SPN 456","SPN 456","3 CRS",""
"SPN 460","SPN 460","3 CRS",""
"SPN 461","SPN 461","3 CRS",""
"SPN 472","SPN 472","3 CRS",""
"SPN 476","SPN 476","3 CRS",""
"SPN 480","SPN 480","3 CRS",""
"SPN 485","SPN 485","3 CRS",""
"SPN 490","SPN 490","3 CRS",""
"TRS 201","TRS 201","3 CRS",""
"TRS 202","TRS 202","3 CRS",""
"TRS 206","TRS 206","3 CRS",""
"TRS 233","TRS 233","3 CRS",""
"TRS 234","TRS 234","3 CRS",""
"TRS 235","TRS 235","3 CRS",""
"TRS 237","TRS 237","3 CRS",""
"TRS 238","TRS 238","3 CRS",""
"TRS 345","TRS 345","3 CRS",""
"WLI 300","WLI 300","3 CRS",""
"ART 101","ART 101","3 CRS",""
"ART 102","ART 102","3 CRS",""
"ART 104","ART 104","3 CRS",""
"ART 106","ART 106","3 CRS",""
"ART 107","ART 107","3 CRS",""
"ART 110","ART 110","2 CRS",""
"ART 113","ART 113","3 CRS",""
"ART 122","ART 122","3 CRS",""
"ART 125","ART 125","3 CRS",""
"ART 126","ART 126","3 CRS",""
"ART 133","ART 133","3 CRS",""
"ART 143","ART 143","3 CRS",""
"ART 161","ART 161","2 CRS",""
"ART 166","ART 166","3 CRS",""
"ART 174","ART 174","3 CRS",""
"ART 176","ART 176","3 CRS",""
"ART 183","ART 183","3 CRS",""
"ART 201","ART 201","3 CRS",""
"ART 215","ART 215","3 CRS",""
"ART 221","ART 221","3 CRS",""
"ART 225","ART 225","3 CRS",""
"ART 230","ART 230","2 CRS",""
"ART 233","ART 233","3 CRS",""
"ART 235","ART 235","3 CRS",""
"ART 237","ART 237","3 CRS",""
"ART 238","ART 238","3 CRS",""
"ART 243","ART 243","3 CRS",""
"ART 251","ART 251","3 CRS",""
"ART 266","ART 266","3 CRS",""
"ART 269","ART 269","3 CRS",""
"ART 270","ART 270","3 CRS",""
"ART 274","ART 274","3 CRS",""
"ART 276","ART 276","3 CRS",""
"ART 283","ART 283","3 CRS",""
"ART 285","ART 285","3 CRS",""
"ART 290","ART 290","3 CRS",""
"ART 292","ART 292","3 CRS",""
"ART 293","ART 293","3 CRS",""
"ART 294","ART 294","3 CRS",""
"ART 295","ART 295","3 CRS",""
"ART 300","ART 300","3 CRS",""
"ART 303","ART 303","3 CRS",""
"ART 315","ART 315","3 CRS",""
"ART 335","ART 335","3 CRS",""
"ART 366","ART 366","3 CRS",""
"ART 369","ART 369","3 CRS",""
"ART 374","ART 374","3 CRS",""
"ART 383","ART 383","3 CRS",""
"ART 420","ART 420","3 CRS",""
"ART 450","ART 450","3 CRS",""
"ART 801","ART 801","2 CRS",""
"ART 802","ART 802","2 CRS",""
"MUS 101","MUS 101","1 CRS",""
"MUS 102","MUS 102","3 CRS",""
"MUS 103","MUS 103","3 CRS",""
"MUS 104","MUS 104","3 CRS",""
"MUS 105","MUS 105","3 CRS",""
"MUS 107","MUS 107","3 CRS",""
"MUS 109","MUS 109","3 CRS",""
"MUS 110","MUS 110","2 CRS",""
"MUS 112","MUS 112","2 CRS",""
"MUS 113, MUS 213","MUS 113, MUS 213","1 CRS",""
"MUS 114","MUS 114","3 CRS",""
"MUS 116","MUS 116","3 CRS",""
"MUS 117","MUS 117","3 CRS",""
"MUS 118","MUS 118","2 CRS",""
"MUS 119","MUS 119","1 CRS",""
"MUS 120","MUS 120","1 CRS",""
"MUS 121","MUS 121","1 CRS",""
"MUS 122","MUS 122","3 CRS",""
"MUS 123","MUS 123","3 CRS",""
"MUS 124","MUS 124","2 CRS",""
"MUS 125","MUS 125","1 CRS",""
"MUS 126","MUS 126","1 CRS",""
"MUS 127","MUS 127","1 CRS",""
"MUS 128","MUS 128","3 CRS",""
"MUS 129","MUS 129","3 CRS",""
"MUS 130","MUS 130","1 CRS",""
"MUS 131","MUS 131","1 CRS",""
"MUS 132","MUS 132","3 CRS",""
"MUS 135","MUS 135","1 CRS",""
"MUS 136","MUS 136","1 CRS",""
"MUS 137","MUS 137","3 CRS",""
"MUS 138","MUS 138","3 CRS",""
"MUS 140","MUS 140","1 CRS",""
"MUS 150","MUS 150","1 CRS",""
"MUS 160","MUS 160","1 CRS",""
"MUS 161","MUS 161","1 CRS",""
"MUS 165","MUS 165","1 CRS",""
"MUS 166","MUS 166","1 CRS",""
"MUS 167","MUS 167","1 CRS",""
"MUS 168","MUS 168","1 CRS",""
"MUS 170","MUS 170","1 CRS",""
"MUS 180","MUS 180","1 CRS",""
"MUS 181","MUS 181","1 CRS",""
"MUS 190","MUS 190","1 CRS",""
"MUS 207","MUS 207","1 CRS",""
"MUS 212","MUS 212","2 CRS",""
"MUS 217","MUS 217","3 CRS",""
"MUS 218","MUS 218","2 CRS",""
"MUS 219","MUS 219","1 CRS",""
"MUS 220","MUS 220","2 CRS",""
"MUS 222","MUS 222","3 CRS",""
"MUS 223","MUS 223","3 CRS",""
"MUS 225","MUS 225","3 CRS",""
"MUS 230","MUS 230","2 CRS",""
"MUS 235","MUS 235","1 CRS",""
"MUS 237","MUS 237","3 CRS",""
"MUS 238","MUS 238","3 CRS",""
"MUS 240, MUS 250","MUS 240, MUS 250","1 CRS",""
"MUS 265","MUS 265","1 CRS",""
"MUS 266","MUS 266","1 CRS",""
"MUS 267","MUS 267","1 CRS",""
"MUS 268","MUS 268","1 CRS",""
"MUS 301","MUS 301","1 CRS",""
"MUS 302","MUS 302","1 CRS",""
"MUS 303","MUS 303","1 CRS",""
"MUS 304","MUS 304","1 CRS",""
"MUS 305","MUS 305","1 CRS",""
"MUS 306","MUS 306","1 CRS",""
"MUS 307","MUS 307","1 CRS",""
"MUS 308","MUS 308","1 CRS",""
"MUS 311","MUS 311","3 CRS",""
"MUS 312","MUS 312","2 CRS",""
"MUS 313, MUS 413","MUS 313, MUS 413","1 CRS",""
"MUS 317","MUS 317","3 CRS",""
"MUS 318","MUS 318","2 CRS",""
"MUS 319","MUS 319","1 CRS",""
"MUS 351","MUS 351","2 CRS",""
"MUS 352","MUS 352","2 CRS",""
"MUS 412","MUS 412","2 CRS",""
"MUS 418","MUS 418","2 CRS",""
"MUS 419","MUS 419","1 CRS",""
"MUS 501","MUS 501","1 CRS",""
"MUS 502","MUS 502","1 CRS",""
"MUS 503","MUS 503","1 CRS",""
"MUS 504","MUS 504","1 CRS",""
"MUS 510","MUS 510","1 CRS",""
"MUS 520","MUS 520","1 CRS",""
"MUS 530","MUS 530","1 CRS",""
"MUS 540","MUS 540","1 CRS",""
"MUS 601","MUS 601","1 CRS",""
"MUS 602","MUS 602","1 CRS",""
"MUS 603","MUS 603","1 CRS",""
"MUS 604","MUS 604","1 CRS",""
"MUS 611-648","MUS 611-648","1 CRS",""
"MUS 635","MUS 635","1 CRS",""
"MUS 651","MUS 651","2 CRS",""
"MUS 652","MUS 652","2 CRS",""
"MUS 653","MUS 653","2 CRS",""
"MUS 654","MUS 654","2 CRS",""
"MUS 656","MUS 656","2 CRS",""
"MUS 657","MUS 657","2 CRS",""
"MUS 658","MUS 658","2 CRS",""
"MUS 659","MUS 659","2 CRS",""
"MUS 661","MUS 661","2 CRS",""
"MUS 662","MUS 662","2 CRS",""
"MUS 663","MUS 663","2 CRS",""
"MUS 664","MUS 664","2 CRS",""
"MUS 666","MUS 666","2 CRS",""
"MUS 667","MUS 667","2 CRS",""
"MUS 668","MUS 668","2 CRS",""
"MUS 669","MUS 669","2 CRS",""
"MUS 671","MUS 671","2 CRS",""
"MUS 672","MUS 672","2 CRS",""
"MUS 673","MUS 673","2 CRS",""
"MUS 674","MUS 674","2 CRS",""
"MUS 676","MUS 676","2 CRS",""
"MUS 677","MUS 677","2 CRS",""
"MUS 678","MUS 678","2 CRS",""
"MUS 679","MUS 679","2 CRS",""
"MUS 681","MUS 681","3 CRS",""
"MUS 682","MUS 682","3 CRS",""
"MUS 683","MUS 683","3 CRS",""
"MUS 684","MUS 684","3 CRS",""
"MUS 686","MUS 686","2 CRS",""
"MUS 687","MUS 687","2 CRS",""
"MUS 688","MUS 688","2 CRS",""
"MUS 689","MUS 689","2 CRS",""
"MUS 701","MUS 701","1 CRS",""
"MUS 702","MUS 702","1 CRS",""
"MUS 703","MUS 703","1 CRS",""
"MUS 704","MUS 704","1 CRS",""
"MUS 705","MUS 705","1 CRS",""
"MUS 706","MUS 706","1 CRS",""
"MUS 707","MUS 707","1 CRS",""
"MUS 708","MUS 708","1 CRS",""
"MUS 801","MUS 801","1 CRS",""
"MUS 802","MUS 802","1 CRS",""
"MUS 803","MUS 803","1 CRS",""
"MUS 804","MUS 804","1 CRS",""
"MUS 881","MUS 881","3 CRS",""
"NUR 112","NUR 112","8 CRS",""
"NUR 211","NUR 211","8 CRS",""
"NUR 313","NUR 313","8 CRS",""
"NUR 411","NUR 411","8 CRS",""
"NUR 415","NUR 415","2 CRS",""
"LPN 101","LPN 101","4 CRS",""
"LPN 102","LPN 102","4 CRS",""
"LPN 103","LPN 103","2 CRS",""
"LPN 104","LPN 104","3 CRS",""
"LPN 201","LPN 201","4 CRS",""
"LPN 202","LPN 202","2 CRS",""
"LPN 203","LPN 203","4 CRS",""
"LPN 204","LPN 204","2 CRS",""
"LPN 301","LPN 301","3 CRS",""
"LPN 302","LPN 302","2 CRS",""
"AST 106","AST 106","3 CRS",""
"AST 108","AST 108","3 CRS",""
"AST 109","AST 109","3 CRS",""
"AST 110","AST 110","4 CRS",""
"AST 111","AST 111","4 CRS",""
"BIO 108","BIO 108","3 CRS",""
"BIO 109","BIO 109","3 CRS",""
"BIO 110","BIO 110","4 CRS",""
"BIO 111","BIO 111","4 CRS",""
"BIO 210","BIO 210","4 CRS",""
"BIO 220","BIO 220","4 CRS",""
"BIO 230","BIO 230","4 CRS",""
"BIO 240","BIO 240","4 CRS",""
"BIO 260","BIO 260","4 CRS",""
"BIO 270","BIO 270","4 CRS",""
"BIO 420","BIO 420","4 CRS",""
"BIO 425","BIO 425","4 CRS",""
"BIO 426","BIO 426","4 CRS",""
"BTE 201","BTE 201","5 CRS",""
"CHE 108","CHE 108","3 CRS",""
"CHE 109","CHE 109","3 CRS",""
"CHE 110","CHE 110","4 CRS",""
"CHE 118","CHE 118","4 CRS",""
"CHE 120","CHE 120","4 CRS",""
"CHE 121","CHE 121","4 CRS",""
"CHE 122","CHE 122","4 CRS",""
"CHE 125","CHE 125","4 CRS",""
"CHE 201","CHE 201","4 CRS",""
"CHE 202","CHE 202","4 CRS",""
"CHE 205","CHE 205","4 CRS",""
"CHE 230","CHE 230","5 CRS",""
"CHE 240","CHE 240","5 CRS",""
"ESC 111","ESC 111","1 CRS",""
"ESC 113","ESC 113","2 CRS",""
"ESC 130","ESC 130","2 CRS",""
"ESC 131","ESC 131","2 CRS",""
"ESC 200","ESC 200","4 CRS",""
"ESC 201","ESC 201","3 CRS",""
"ESC 202","ESC 202","3 CRS",""
"ESC 211","ESC 211","3 CRS",""
"ESC 221","ESC 221","4 CRS",""
"ESC 223","ESC 223","3 CRS",""
"ENV 250","ENV 250","4 CRS",""
"GLY 210","GLY 210","4 CRS",""
"PHY 108","PHY 108","3 CRS",""
"PHY 109","PHY 109","3 CRS",""
"PHY 110","PHY 110","4 CRS",""
"PHY 210","PHY 210","4 CRS",""
"PHY 215","PHY 215","4 CRS",""
"PHY 220","PHY 220","4 CRS",""
"PHY 225","PHY 225","4 CRS",""
"PHY 240","PHY 240","3 CRS",""
"PHY 400","PHY 400","4 CRS",""
"SCI 111","SCI 111","3 CRS",""
"SCI 120","SCI 120","4 CRS",""
"SCI 121","SCI 121","4 CRS",""
"SCI 140","SCI 140","4 CRS",""
"SCI 150","SCI 150","3 CRS",""
"SCI 151","SCI 151","3 CRS",""
"SCI 410","SCI 410","3 CRS",""
"SCI 430","SCI 430","4 CRS",""
"SCI 510","SCI 510","3 CRS",""
"SCI 530","SCI 530","3 CRS",""
"ANT 100","ANT 100","3 CRS",""
"ANT 111","ANT 111","3 CRS",""
"ANT 115","ANT 115","3 CRS",""
"ANT 125","ANT 125","3 CRS",""
"ANT 127","ANT 127","3 CRS",""
"ANT 128","ANT 128","3 CRS",""
"ANT 200","ANT 200","3 CRS",""
"ANT 210","ANT 210","3 CRS",""
"ANT 310","ANT 310","3 CRS",""
"ECO 100","ECO 100","3 CRS",""
"ECO 111","ECO 111","3 CRS",""
"ECO 112","ECO 112","3 CRS",""
"ECO 113","ECO 113","3 CRS",""
"ECO 151","ECO 151","3 CRS",""
"ECO 201","ECO 201","3 CRS",""
"ECO 202","ECO 202","3 CRS",""
"ECO 215","ECO 215","3 CRS",""
"ECO 221","ECO 221","3 CRS",""
"ECO 223","ECO 223","3 CRS",""
"ECO 225","ECO 225","3 CRS",""
"ECO 226","ECO 226","3 CRS",""
"ECO 229","ECO 229","3 CRS",""
"ECO 230","ECO 230","3 CRS",""
"ECO 235","ECO 235","3 CRS",""
"ECO 236","ECO 236","3 CRS",""
"ECO 240","ECO 240","3 CRS",""
"ECO 245","ECO 245","3 CRS",""
"ECO 250","ECO 250","3 CRS",""
"GWS 100","GWS 100","3 CRS",""
"GWS 300","GWS 300","3 CRS",""
"GEO 100","GEO 100","3 CRS",""
"GEO 226","GEO 226","3 CRS",""
"GEO 241","GEO 241","3 CRS",""
"HIS 101","HIS 101","3 CRS",""
"HIS 102","HIS 102","3 CRS",""
"HIS 111","HIS 111","3 CRS",""
"HIS 114","HIS 114","3 CRS",""
"HIS 115","HIS 115","3 CRS",""
"HIS 116","HIS 116","3 CRS",""
"HIS 120","HIS 120","3 CRS",""
"HIS 121","HIS 121","3 CRS",""
"HIS 122","HIS 122","3 CRS",""
"HIS 123","HIS 123","3 CRS",""
"HIS 124","HIS 124","3 CRS",""
"HIS 125","HIS 125","3 CRS",""
"HIS 126","HIS 126","3 CRS",""
"HIS 127","HIS 127","3 CRS",""
"HIS 128","HIS 128","3 CRS",""
"HIS 129","HIS 129","3 CRS",""
"HIS 130","HIS 130","3 CRS",""
"HIS 131","HIS 131","3 CRS",""
"HIS 225","HIS 225","3 CRS",""
"HIS 226","HIS 226","3 CRS",""
"HIS 275","HIS 275","3 CRS",""
"HUM 101","HUM 101","3 CRS",""
"HUM 201","HUM 201","3 CRS",""
"HUM 211","HUM 211","3 CRS",""
"HUM 212","HUM 212","3 CRS",""
"HUM 213","HUM 213","3 CRS",""
"HUM 301","HUM 301","3 CRS",""
"HUM 401","HUM 401","3 CRS",""
"HUM 411","HUM 411","3 CRS",""
"PHI 100","PHI 100","3 CRS",""
"PHI 105","PHI 105","3 CRS",""
"PHI 110","PHI 110","3 CRS",""
"PHI 111","PHI 111","3 CRS",""
"PHI 115","PHI 115","3 CRS",""
"PHI 120","PHI 120","3 CRS",""
"PHI 125","PHI 125","3 CRS",""
"PHI 126","PHI 126","3 CRS",""
"PHI 140","PHI 140","3 CRS",""
"PHI 200","PHI 200","3 CRS",""
"PHI 210","PHI 210","3 CRS",""
"PHI 215","PHI 215","3 CRS",""
"PHI 220","PHI 220","3 CRS",""
"POL 100","POL 100","3 CRS",""
"POL 110","POL 110","3 CRS",""
"POL 111","POL 111","3 CRS",""
"POL 120","POL 120","3 CRS",""
"POL 151","POL 151","3 CRS",""
"POL 152","POL 152","3 CRS",""
"POL 153","POL 153","3 CRS",""
"POL 210","POL 210","3 CRS",""
"POL 220","POL 220","3 CRS",""
"POL 230","POL 230","3 CRS",""
"POL 240","POL 240","3 CRS",""
"POL 260","POL 260","3 CRS",""
"POL 270","POL 270","3 CRS",""
"POL 476","POL 476","3 CRS",""
"PSY 100","PSY 100","3 CRS",""
"PSY 200","PSY 200","3 CRS",""
"PSY 210","PSY 210","3 CRS",""
"PSY 220","PSY 220","3 CRS",""
"PSY 225","PSY 225","3 CRS",""
"PSY 230","PSY 230","3 CRS",""
"PSY 240","PSY 240","3 CRS",""
"PSY 245","PSY 245","3 CRS",""
"PSY 250","PSY 250","3 CRS",""
"PSY 255","PSY 255","3 CRS",""
"PSY 260","PSY 260","3 CRS",""
"PSY 265","PSY 265","4 CRS",""
"PSY 271","PSY 271","3 CRS",""
"PSY 280","PSY 280","3 CRS",""
"PSY 290","PSY 290","3 CRS",""
"PSY 295","PSY 295","3 CRS",""
"SSC 150","SSC 150","3 CRS",""
"SSC 253","SSC 253","3 CRS",""
"SSC 475","SSC 475","3 CRS",""
"SOC 100","SOC 100","3 CRS",""
"SOC 110","SOC 110","3 CRS",""
"SOC 111","SOC 111","3 CRS",""
"SOC 125","SOC 125","3 CRS",""
"SOC 129","SOC 129","3 CRS",""
"SOC 150","SOC 150","3 CRS",""
"SOC 152","SOC 152","3 CRS",""
"SOC 154","SOC 154","3 CRS",""
"SOC 161","SOC 161","3 CRS",""
"SOC 200","SOC 200","3 CRS",""
"SOC 210","SOC 210","3 CRS",""
"SOC 220","SOC 220","3 CRS",""
"SOC 230","SOC 230","3 CRS",""
"SOC 234","SOC 234","3 CRS",""
"SOC 240","SOC 240","3 CRS",""
"SOC 250","SOC 250","3 CRS",""
"SOC 256","SOC 256","3 CRS",""
"SOC 260","SOC 260","3 CRS",""
"SOC 350","SOC 350","4 CRS",""
"URB 100","URB 100","3 CRS",""
"URB 300","URB 300","3 CRS",""
"COM 100","COM 100","3 CRS",""
"COM 150","COM 150","3 CRS",""
"COM 240","COM 240","3 CRS",""
"COM 245","COM 245","3 CRS",""
"COM 250","COM 250","3 CRS",""
"COM 255","COM 255","3 CRS",""
"COM 260","COM 260","3 CRS",""
"COM 265","COM 265","3 CRS",""
"COM 270","COM 270","3 CRS",""
"COM 361","COM 361","3 CRS",""
"SPE 100","SPE 100","3 CRS",""
"SPE 102","SPE 102","3 CRS",""
"SPE 103","SPE 103","3 CRS",""
"SPE 152","SPE 152","3 CRS",""
"SPE 210","SPE 210","3 CRS",""
"SPE 220","SPE 220","3 CRS",""
"SPE 245","SPE 245","",""
"THE 100","THE 100","3 CRS",""
"THE 110","THE 110","3 CRS",""
"THE 115","THE 115","1 CRS",""
"THE 121","THE 121","3 CRS",""
"THE 125","THE 125","1 CRS",""
"THE 126","THE 126","1 CRS",""
"THE 127","THE 127","1 CRS",""
"THE 128","THE 128","1 CRS",""
"THE 140","THE 140","3 CRS",""
"THE 141","THE 141","3 CRS",""
"THE 210","THE 210","3 CRS",""
"THE 220","THE 220","3 CRS",""
"THE 222","THE 222","3 CRS",""
"THE 258","THE 258","3 CRS",""
"THE 280","THE 280","3 CRS",""
"THE 300","THE 300","3 CRS",""
"THE 305","THE 305","3 CRS",""
"THE 310","THE 310","3 CRS",""
"THE 315","THE 315","3 CRS",""
"THE 324","THE 324","3 CRS",""
"THE 328","THE 328","3 CRS",""
"EDB 202","EDB 202","3 CRS",""
"ECE 110","ECE 110","3 CRS",""
"ECE 209","ECE 209","4 CRS",""
"ECE 210","ECE 210","3 CRS",""
"ECE 211","ECE 211","4 CRS",""
"ECE 308","ECE 308","4 CRS",""
"ECE 309","ECE 309","3 CRS",""
"ECE 311","ECE 311","4 CRS",""
"ECE 312","ECE 312","3 CRS",""
"ECE 409","ECE 409","5 CRS",""
"ECE 410","ECE 410","3 CRS",""
"ECE 411","ECE 411","5 CRS",""
"EDU 201","EDU 201","3 CRS",""
"EDU 202","EDU 202","3 CRS",""
"EDU 203","EDU 203","3 CRS",""
"EDU 204","EDU 204","2 CRS",""
"EDU 205","EDU 205","3 CRS",""
"EDU 206","EDU 206","3 CRS",""
"EDU 207","EDU 207","3 CRS",""
"EDU 208","EDU 208","3 CRS",""
"EDS 201","EDS 201","3 CRS",""
"EDS 202","EDS 202","3 CRS",""
