"course_code","course_title","department","credits","description"
"ACCOUNT 201-DL","Introduction to Financial Accounting","Accounting (ACCOUNT)","1 Unit",""
"ACCOUNT 202-DL","Introduction to Managerial Accounting","Accounting (ACCOUNT)","1 Unit",""
"ACCOUNT 208-DL","Income Tax I","Accounting (ACCOUNT)","1 Unit",""
"ACCOUNT 210-DL","Intermediate Accounting I","Accounting (ACCOUNT)","1 Unit",""
"ACCOUNT 211-DL","Intermediate Accounting II","Accounting (ACCOUNT)","1 Unit",""
"ACCOUNT 308-DL","Income Tax II","Accounting (ACCOUNT)","1 Unit",""
"ACCOUNT 310-DL","Managerial Cost Accounting","Accounting (ACCOUNT)","1 Unit",""
"ACCOUNT 320-DL","Forensic Accounting","Accounting (ACCOUNT)","1 Unit",""
"ACCOUNT 330-DL","Accounting Information Systems","Accounting (ACCOUNT)","1 Unit",""
"ACCOUNT 340-CN","Government and Nonprofit Accounting","Accounting (ACCOUNT)","1 Unit",""
"ACCOUNT 340-DL","Governmental and Nonprofit Accounting","Accounting (ACCOUNT)","1 Unit",""
"ACCOUNT 350-DL","Auditing I","Accounting (ACCOUNT)","1 Unit",""
"ACCOUNT 360-DL","Auditing II","Accounting (ACCOUNT)","1 Unit",""
"ACCOUNT 370-CN","Advanced Accounting","Accounting (ACCOUNT)","1 Unit",""
"ACCOUNT 380-DL","AI and Data Analytics in Accounting","Accounting (ACCOUNT)","1 Unit",""
"ACCOUNT 390-CN","Topics in Accounting:","Accounting (ACCOUNT)","1 Unit",""
"ACCOUNT 390-DL","Topics in Accounting:","Accounting (ACCOUNT)","1 Unit",""
"ACCOUNT 399-CN","Independent Study","Accounting (ACCOUNT)","1 Unit",""
"ADVT 311-CN","Advertising: Creative","Advertising (ADVT)","1 Unit",""
"ADVT 312-CN","Advertising: Intermediate Creative","Advertising (ADVT)","1 Unit",""
"ADVT 313-CN","Advertising: Advanced Creative","Advertising (ADVT)","1 Unit",""
"ADVT 370-CN","Introduction to Public Relations","Advertising (ADVT)","1 Unit",""
"ADVT 370-DL","Introduction to Public Relations","Advertising (ADVT)","1 Unit",""
"ADVT 380-CN","Visual Communication","Advertising (ADVT)","1 Unit",""
"ADVT 390-CN","Topics in Advertising:","Advertising (ADVT)","1 Unit",""
"AFST 390-CN","Topics in African Studies","African Studies (AFST)","1 Unit",""
"ANTHRO 105-CN","The Evolution of Social Behavior","Anthropology (ANTHRO)","1 Unit",""
"ANTHRO 211-CN","Culture and Society","Anthropology (ANTHRO)","1 Unit",""
"ANTHRO 211-PP","Culture and Society","Anthropology (ANTHRO)","1 Unit",""
"ANTHRO 213-CN","Human Origins","Anthropology (ANTHRO)","1 Unit",""
"ANTHRO 214-CN","Archaeology: Unearthing History","Anthropology (ANTHRO)","1 Unit",""
"ANTHRO 214-PP","Archaeology: Unearthing History","Anthropology (ANTHRO)","1 Unit",""
"ANTHRO 215-CN","The Study of Culture Through Language","Anthropology (ANTHRO)","1 Unit",""
"ANTHRO 232-CN","Myth and Symbolism","Anthropology (ANTHRO)","1 Unit",""
"ANTHRO 312-CN","Human Population Biology","Anthropology (ANTHRO)","1 Unit",""
"ANTHRO 314-CN","Human Growth & Development","Anthropology (ANTHRO)","1 Unit",""
"ANTHRO 315-CN","Medical Anthropology","Anthropology (ANTHRO)","1 Unit",""
"ANTHRO 316-CN","Forensic Anthropology","Anthropology (ANTHRO)","1 Unit",""
"ANTHRO 320-CN","Peoples of Africa","Anthropology (ANTHRO)","1 Unit",""
"ANTHRO 327-PP","Historical Archaeology","Anthropology (ANTHRO)","1 Unit",""
"ANTHRO 330-CN","People of the World","Anthropology (ANTHRO)","1 Unit",""
"ANTHRO 341-CN","Economic Anthropology","Anthropology (ANTHRO)","1 Unit",""
"ANTHRO 350-CN","Anthropology of Religion","Anthropology (ANTHRO)","1 Unit",""
"ANTHRO 360-CN","Language and Culture","Anthropology (ANTHRO)","1 Unit",""
"ANTHRO 383-CN","Environmental Anthropology","Anthropology (ANTHRO)","1 Unit",""
"ANTHRO 386-CN","Methods in Human Biology Research","Anthropology (ANTHRO)","1 Unit",""
"ANTHRO 390-CN","Topics in Anthropology","Anthropology (ANTHRO)","1 Unit",""
"ANTHRO 391-CN","Topics","Anthropology (ANTHRO)","1 Unit",""
"ANTHRO 398-PP","Senior Seminar","Anthropology (ANTHRO)","1 Unit",""
"ART_HIST 220-CN","Introduction to African Art","Art History (ART_HIST)","1 Unit",""
"ART_HIST 224-CN","Introduction to Ancient Art","Art History (ART_HIST)","1 Unit",""
"ART_HIST 230-CN","Introduction to American Art","Art History (ART_HIST)","1 Unit",""
"ART_HIST 240-CN","Introduction to Asian Art","Art History (ART_HIST)","1 Unit",""
"ART_HIST 250-CN","Introduction to European Art","Art History (ART_HIST)","1 Unit",""
"ART_HIST 255-CN","Introduction to Modernism","Art History (ART_HIST)","1 Unit",""
"ART_HIST 260-CN","Introduction to Contemporary Art","Art History (ART_HIST)","1 Unit",""
"ART 120-CN","Introduction to Painting","Art Theory & Practice (ART)","1 Unit",""
"ART 125-CN","Basic Drawing","Art Theory & Practice (ART)","1 Unit",""
"ART 151-CN","Introduction to Digital Photography","Art Theory & Practice (ART)","1 Unit",""
"ART 210-CN","Introduction to Drawing","Art Theory & Practice (ART)","1 Unit",""
"ART 390-CN","Special Topics in Art","Art Theory & Practice (ART)","1 Unit",""
"ASIAN_LC 260-PP","Advanced Topics in South Asian Languages and Cultures","Asian Languages and Cultures (ASIAN_LC)","1 Unit",""
"ASIAN_LC 290-CN","West-Bound: The Fantastic Worlds of Xiyou Ji, Journey to the West","Asian Languages and Cultures (ASIAN_LC)","1 Unit",""
"ASTRON 101-CN","Modern Cosmology","Astronomy (ASTRON)","1 Unit",""
"ASTRON 120-CN","Highlights of Astronomy","Astronomy (ASTRON)","1 Unit",""
"ASTRON 120-DL","Highlights of Astronomy","Astronomy (ASTRON)","1 Unit",""
"ASTRON 122-CN","Highlights of Astronomy","Astronomy (ASTRON)","1 Unit",""
"ASTRON 399-PP","Independent Study","Astronomy (ASTRON)","1 Unit",""
"BIOL_SCI 115-CN","The Human Brain","Biological Sciences (BIOL_SCI)","1 Unit",""
"BIOL_SCI 167-CN","Genetics and Evolution","Biological Sciences (BIOL_SCI)","1 Unit",""
"BIOL_SCI 170-CN","Concepts of Biology","Biological Sciences (BIOL_SCI)","1 Unit",""
"BIOL_SCI 170-DL","Concepts of Biology","Biological Sciences (BIOL_SCI)","1 Unit",""
"BIOL_SCI 170-PP","Concepts of Biology","Biological Sciences (BIOL_SCI)","1 Unit",""
"BIOL_SCI 201-CN","Molecular Biology","Biological Sciences (BIOL_SCI)","1 Unit",""
"BIOL_SCI 202-CN","Cell Biology","Biological Sciences (BIOL_SCI)","1 Unit",""
"BIOL_SCI 203-CN","Genetics and Evolution","Biological Sciences (BIOL_SCI)","1 Unit",""
"BIOL_SCI 217-DL","Introduction to Human Physiology","Biological Sciences (BIOL_SCI)","1 Unit",""
"BIOL_SCI 232-CN","Molecular and Cellular Processes Laboratory","Biological Sciences (BIOL_SCI)","0.34 Unit",""
"BIOL_SCI 233-CN","Genetics and Molecular Processes Laboratory","Biological Sciences (BIOL_SCI)","0.34 Unit",""
"BIOL_SCI 234-CN","Investigative Laboratory","Biological Sciences (BIOL_SCI)","0.34 Unit",""
"BIOL_SCI 302-CN","Fundamentals of Neurobiology","Biological Sciences (BIOL_SCI)","1 Unit",""
"BIOL_SCI 302-DL","Fundamentals of Neurobiology","Biological Sciences (BIOL_SCI)","1 Unit",""
"BIOL_SCI 308-CN","Biochemistry","Biological Sciences (BIOL_SCI)","1 Unit",""
"BIOL_SCI 310-CN","Human Physiology","Biological Sciences (BIOL_SCI)","1 Unit",""
"BIOL_SCI 312-CN","The Evolutionary Biology of Human Anatomy, Health and Disease","Biological Sciences (BIOL_SCI)","1 Unit",""
"BIOL_SCI 312-DL","The Evolutionary Biology of Human Anatomy, Health, and Disease","Biological Sciences (BIOL_SCI)","1 Unit",""
"BIOL_SCI 313-CN","Human Anatomy","Biological Sciences (BIOL_SCI)","1 Unit",""
"BIOL_SCI 313-DL","Human Anatomy","Biological Sciences (BIOL_SCI)","1 Unit",""
"BIOL_SCI 315-CN","Advanced Cell Biology","Biological Sciences (BIOL_SCI)","1 Unit",""
"BIOL_SCI 316-CN","Human Structure and Function","Biological Sciences (BIOL_SCI)","1 Unit",""
"BIOL_SCI 317-CN","Regional Human Anatomy Lab","Biological Sciences (BIOL_SCI)","0.34 Unit",""
"BIOL_SCI 318-CN","Advanced Human Physiology","Biological Sciences (BIOL_SCI)","1 Unit",""
"BIOL_SCI 318-DL","Advanced Human Physiology","Biological Sciences (BIOL_SCI)","1 Unit",""
"BIOL_SCI 327-CN","Biology of Aging","Biological Sciences (BIOL_SCI)","1 Unit",""
"BIOL_SCI 328-A","Microbiology Lab","Biological Sciences (BIOL_SCI)","0 Unit",""
"BIOL_SCI 328-CN","Microbiology","Biological Sciences (BIOL_SCI)","1 Unit",""
"BIOL_SCI 342-CN","Evolutionary Processes","Biological Sciences (BIOL_SCI)","1 Unit",""
"BIOL_SCI 355-CN","Immunobiology","Biological Sciences (BIOL_SCI)","1 Unit",""
"BIOL_SCI 355-DL","Immunobiology","Biological Sciences (BIOL_SCI)","1 Unit",""
"BIOL_SCI 390-DL","Advanced Molecular Biology","Biological Sciences (BIOL_SCI)","1 Unit",""
"BIOL_SCI 399-CN","Independent Study","Biological Sciences (BIOL_SCI)","1 Unit",""
"BUS_LAW 201-CN","Business Law I: Contracts and Agency","Business Law (BUS_LAW)","1 Unit",""
"BUS_LAW 204-CN","Special Topics in Business Law","Business Law (BUS_LAW)","1 Unit",""
"CHEM 110-CN","Quantitative Problem Solving in Chemistry","Chemistry (CHEM)","1 Unit",""
"CHEM 131-CN","Fundamentals of Chemistry I","Chemistry (CHEM)","1 Unit",""
"CHEM 132-CN","Fundamentals of Chemistry II","Chemistry (CHEM)","1 Unit",""
"CHEM 141-CN","Fundamentals of Chemistry Laboratory I","Chemistry (CHEM)","0.34 Unit",""
"CHEM 142-CN","Fundamentals of Chemistry Laboratory II","Chemistry (CHEM)","0.34 Unit",""
"CHEM 201-CN","Chemistry of Nature and Culture","Chemistry (CHEM)","1 Unit",""
"CHEM 215-A","Organic Chemistry I","Chemistry (CHEM)","1 Unit",""
"CHEM 215-B","Organic Chemistry II","Chemistry (CHEM)","1 Unit",""
"CHEM 215-C","Organic Chemistry III","Chemistry (CHEM)","1 Unit",""
"CHEM 235-A","Organic Chemistry Lab I","Chemistry (CHEM)","0.34 Unit",""
"CHEM 235-B","Organic Chemistry Lab II","Chemistry (CHEM)","0.34 Unit",""
"CHEM 235-C","Organic Chemistry Lab III","Chemistry (CHEM)","0.34 Unit",""
"CHEM 242-CN","Thermodynamics","Chemistry (CHEM)","1 Unit",""
"CHINESE 111-A","Chinese I","Chinese (CHINESE)","1 Unit",""
"CHINESE 111-B","Chinese I","Chinese (CHINESE)","1 Unit",""
"CHINESE 111-C","Chinese I","Chinese (CHINESE)","1 Unit",""
"CHINESE 121-A","Chinese II","Chinese (CHINESE)","1 Unit",""
"CHINESE 121-B","Chinese II","Chinese (CHINESE)","1 Unit",""
"CHINESE 121-C","Chinese II","Chinese (CHINESE)","1 Unit",""
"CLASSICS 110-CN","Scientific Vocabulary through Classical Roots","Classics - Readings in English (CLASSICS)","1 Unit",""
"CLASSICS 245-CN","Classics and the Cinema","Classics - Readings in English (CLASSICS)","1 Unit",""
"CLASSICS 260-CN","Classical Mythology","Classics - Readings in English (CLASSICS)","1 Unit",""
"CLASSICS 351-CN","Greek and Latin Literature","Classics - Readings in English (CLASSICS)","1 Unit",""
"CLASSICS 390-CN","Topics in Greco-Roman Civilization:","Classics - Readings in English (CLASSICS)","1 Unit",""
"CSD 301-DL","Anatomy and Physiology of the Vocal Mechanism","Communication Sciences and Disorders (CSD)","1 Unit",""
"CSD 305-DL","Phonetics","Communication Sciences and Disorders (CSD)","1 Unit",""
"CSD 318-DL","Introduction to Audiology","Communication Sciences and Disorders (CSD)","1 Unit",""
"CSD 319-DL","Aural Rehabilitation","Communication Sciences and Disorders (CSD)","1 Unit",""
"CSD 392-DL","Language Development Usage","Communication Sciences and Disorders (CSD)","1 Unit",""
"CSD 465-DL","Hearing Impairment","Communication Sciences and Disorders (CSD)","1 Unit",""
"COMM_ST 101-CN","Interpersonal Communication","Communication Studies (COMM_ST)","1 Unit",""
"COMM_ST 102-CN","Public Speaking","Communication Studies (COMM_ST)","1 Unit",""
"COMM_ST 103-CN","Public Speaking","Communication Studies (COMM_ST)","1 Unit",""
"COMM_ST 201-DL","Research Methods in Communication Studies","Communication Studies (COMM_ST)","1 Unit",""
"COMM_ST 205-CN","Theories of Persuasion","Communication Studies (COMM_ST)","1 Unit",""
"COMM_ST 205-DL","Theories of Persuasion","Communication Studies (COMM_ST)","1 Unit",""
"COMM_ST 220-CN","Theories of Argumentation","Communication Studies (COMM_ST)","1 Unit",""
"COMM_ST 225-DL","Communication and Culture","Communication Studies (COMM_ST)","1 Unit",""
"COMM_ST 225-PP","Communication and Culture","Communication Studies (COMM_ST)","1 Unit",""
"COMM_ST 246-CN","Introduction to Health Communication","Communication Studies (COMM_ST)","1 Unit",""
"COMM_ST 250-DL","Team Leadership and Decision Making","Communication Studies (COMM_ST)","1 Unit",""
"COMM_ST 261-DL","Introduction to Corporate Strategic Communication","Communication Studies (COMM_ST)","1 Unit",""
"COMM_ST 270-CN","Theories of Mediated Communication","Communication Studies (COMM_ST)","1 Unit",""
"COMM_ST 275-CN","Persuasive Images: The Rhetoric of Contemporary Culture","Communication Studies (COMM_ST)","1 Unit",""
"COMM_ST 294-CN","First-Year Seminar","Communication Studies (COMM_ST)","1 Unit",""
"COMM_ST 294-DL","First-Year Seminar","Communication Studies (COMM_ST)","1 Unit",""
"COMM_ST 310-PP","Rhetoric, Democracy & Empire in Classical Athens","Communication Studies (COMM_ST)","1 Unit",""
"COMM_ST 352-DL","Social Network Analysis","Communication Studies (COMM_ST)","1 Unit",""
"COMM_ST 360-CN","Theories of Organizational Communication","Communication Studies (COMM_ST)","1 Unit",""
"COMM_ST 360-DL","Theories of Organizational Communication","Communication Studies (COMM_ST)","1 Unit",""
"COMM_ST 362-CN","Professional-Client Communication","Communication Studies (COMM_ST)","1 Unit",""
"COMM_ST 363-CN","Bargaining and Negotiation","Communication Studies (COMM_ST)","1 Unit",""
"COMM_ST 364-CN","Collective Decision Making and Communication in Organizations","Communication Studies (COMM_ST)","1 Unit",""
"COMM_ST 368-DL","Data Visualization and Storytelling","Communication Studies (COMM_ST)","1 Unit",""
"COMM_ST 380-CN","Political Communication","Communication Studies (COMM_ST)","1 Unit",""
"COMM_ST 381-PP","Media, Movements, & Social Change","Communication Studies (COMM_ST)","1 Unit",""
"COMM_ST 386-CN","Science, Technology, and Society","Communication Studies (COMM_ST)","1 Unit",""
"COMM_ST 392-DL","Global Culture, Commerce, and Communication","Communication Studies (COMM_ST)","1 Unit",""
"COMM_ST 394-DL","Research Seminar","Communication Studies (COMM_ST)","1 Unit",""
"COMM_ST 395-CN","Special Topics","Communication Studies (COMM_ST)","1 Unit",""
"COMM_ST 395-DL","Topics in Communication Studies","Communication Studies (COMM_ST)","1 Unit",""
"COMM_ST 395-PP","Topics in Communication Studies","Communication Studies (COMM_ST)","1 Unit",""
"COMM_ST 398-DL","Strategic Communication Capstone","Communication Studies (COMM_ST)","1 Unit",""
"COMM_ST 399-CN","Independent Study","Communication Studies (COMM_ST)","1 Unit",""
"COMM_ST 399-PP","Independent Study","Communication Studies (COMM_ST)","1 Unit",""
"COMP_LIT 201-PP","Introduction to World Literature","Comparative Literary Studies (COMP_LIT)","1 Unit",""
"COMP_LIT 390-CN","Topics in Comparative Literature","Comparative Literary Studies (COMP_LIT)","1 Unit",""
"CIS 110-CN","Introduction to Computer Programming","Computer Information Systems (CIS)","1 Unit",""
"CIS 110-DL","Introduction to Programming","Computer Information Systems (CIS)","1 Unit",""
"CIS 130-CN","Tools and Technologies of the World Wide Web","Computer Information Systems (CIS)","1 Unit",""
"CIS 130-DL","Tools and Technology of the Web","Computer Information Systems (CIS)","1 Unit",""
"CIS 212-CN","Introduction to Object-Oriented Programming","Computer Information Systems (CIS)","1 Unit",""
"CIS 212-DL","Introduction to Object-Oriented Programming","Computer Information Systems (CIS)","1 Unit",""
"CIS 220-PP","Introduction to Computational Thinking","Computer Information Systems (CIS)","1 Unit",""
"CIS 313-CN","Telecommunications and Computer Networks","Computer Information Systems (CIS)","1 Unit",""
"CIS 314-CN","Intermediate  Programming","Computer Information Systems (CIS)","1 Unit",""
"CIS 317-CN","Database Systems Design & Implementation","Computer Information Systems (CIS)","1 Unit",""
"CIS 317-DL","Database Systems Design and Implementation","Computer Information Systems (CIS)","1 Unit",""
"CIS 323-CN","Python for Data Science","Computer Information Systems (CIS)","1 Unit",""
"CIS 323-DL","Python for Data Science","Computer Information Systems (CIS)","1 Unit",""
"CIS 324-CN","Applied Data Science","Computer Information Systems (CIS)","1 Unit",""
"CIS 324-DL","Applied Data Science","Computer Information Systems (CIS)","1 Unit",""
"CIS 325-CN","Enterprise Data Science","Computer Information Systems (CIS)","1 Unit",""
"CIS 325-DL","Enterprise Data Science","Computer Information Systems (CIS)","1 Unit",""
"CIS 326-CN","Data Engineering","Computer Information Systems (CIS)","1 Unit",""
"CIS 326-DL","Data Engineering","Computer Information Systems (CIS)","1 Unit",""
"CIS 330-CN","Human Computer Interaction","Computer Information Systems (CIS)","1 Unit",""
"CIS 330-DL","Human Computer Interaction","Computer Information Systems (CIS)","1 Unit",""
"CIS 345-CN","Information Security","Computer Information Systems (CIS)","1 Unit",""
"CIS 345-DL","Information Security","Computer Information Systems (CIS)","1 Unit",""
"CIS 350-DL","Information Technology Strategy","Computer Information Systems (CIS)","1 Unit",""
"CIS 360-DL","AI with Deep Learning","Computer Information Systems (CIS)","1 Unit",""
"CIS 361-DL","Natural Language Processing AI","Computer Information Systems (CIS)","1 Unit",""
"CIS 370-CN","System Analysis and Design","Computer Information Systems (CIS)","1 Unit",""
"CIS 370-DL","System Analysis and Design","Computer Information Systems (CIS)","1 Unit",""
"CIS 380-CN","Information Architecture","Computer Information Systems (CIS)","1 Unit",""
"CIS 385-CN","Programming for the Web","Computer Information Systems (CIS)","1 Unit",""
"CIS 385-DL","Programming for the Web","Computer Information Systems (CIS)","1 Unit",""
"CIS 394-CN","Project Management Concepts","Computer Information Systems (CIS)","1 Unit",""
"CIS 395-CN","Topics in Information Systems:","Computer Information Systems (CIS)","1 Unit",""
"CIS 395-DL","Information Systems Capstone","Computer Information Systems (CIS)","1 Unit",""
"CIS 399-CN","Independent Study - Projects","Computer Information Systems (CIS)","1 Unit",""
"EARTH 106-CN","The Ocean, the Atmosphere, and our Climate","Earth and Planetary Sciences (EARTH)","1 Unit",""
"EARTH 171-PP","The Science of Fossils","Earth and Planetary Sciences (EARTH)","1 Unit",""
"ECON 159-PP","Doing Good","Economics (ECON)","1 Unit",""
"ECON 201-CN","Introduction to Macroeconomics","Economics (ECON)","1 Unit",""
"ECON 201-DL","Introduction to Macroeconomics","Economics (ECON)","1 Unit",""
"ECON 202-CN","Introduction to Economics II: Microeconomics","Economics (ECON)","1 Unit",""
"ECON 203-CN","Introduction to Microeconomics","Economics (ECON)","1 Unit",""
"ECON 251-PP","Law and Economics","Economics (ECON)","1 Unit",""
"ECON 281-CN","Introduction to Applied Econometrics","Economics (ECON)","1 Unit",""
"ECON 307-CN","Economics of Medical Care","Economics (ECON)","1 Unit",""
"ECON 308-CN","Money and Banking","Economics (ECON)","1 Unit",""
"ECON 309-CN","Elements of Public Finance","Economics (ECON)","1 Unit",""
"ECON 310-A","Microeconomics","Economics (ECON)","1 Unit",""
"ECON 310-B","Microeconomics II","Economics (ECON)","1 Unit",""
"ECON 311-CN","Macroeconomics","Economics (ECON)","1 Unit",""
"ECON 326-CN","Economics of Developing Countries","Economics (ECON)","1 Unit",""
"ECON 330-CN","Behavioral Economics","Economics (ECON)","1 Unit",""
"ECON 331-CN","Economics of Risk and Uncertainty","Economics (ECON)","1 Unit",""
"ECON 339-CN","Labor Economics","Economics (ECON)","1 Unit",""
"ECON 341-CN","Economics of Education","Economics (ECON)","1 Unit",""
"ECON 349-CN","Industrial Economics","Economics (ECON)","1 Unit",""
"ECON 350-CN","Monopoly, Competition and Public Policy","Economics (ECON)","1 Unit",""
"ECON 351-CN","Law and Economics","Economics (ECON)","1 Unit",""
"ECON 354-CN","Issues in Urban and Regional Economics","Economics (ECON)","1 Unit",""
"ECON 355-CN","Transportation Economics and Public Policy","Economics (ECON)","1 Unit",""
"ECON 358-CN","Economics of Art and Culture","Economics (ECON)","1 Unit",""
"ECON 360-CN","Foundations of Corporate Finance Theory","Economics (ECON)","1 Unit",""
"ECON 361-CN","International Trade","Economics (ECON)","1 Unit",""
"ECON 362-CN","International Finance","Economics (ECON)","1 Unit",""
"ECON 372-CN","Environmental Economics","Economics (ECON)","1 Unit",""
"ECON 373-CN","Natural Resource Economics","Economics (ECON)","1 Unit",""
"ECON 399-CN","Independent Study","Economics (ECON)","1 Unit",""
"ENGLISH 105-CN","Expository Writing","English (ENGLISH)","1 Unit",""
"ENGLISH 106-CN","Design Thinking and Writing","English (ENGLISH)","1 Unit",""
"ENGLISH 107-CN","Design Thinking and Doing","English (ENGLISH)","1 Unit",""
"ENGLISH 110-CN","Writing Seminar I:","English (ENGLISH)","1 Unit",""
"ENGLISH 111-CN","Writing Seminar II","English (ENGLISH)","1 Unit",""
"ENGLISH 111-DL","Writing Seminar II","English (ENGLISH)","1 Unit",""
"ENGLISH 111-PP","Writing Seminar II","English (ENGLISH)","1 Unit",""
"ENGLISH 113-CN","Introduction to Literature","English (ENGLISH)","1 Unit",""
"ENGLISH 114-CN","ntroduction to Literature","English (ENGLISH)","1 Unit",""
"ENGLISH 120-CN","Professional Communication","English (ENGLISH)","1 Unit",""
"ENGLISH 121-CN","Writing for Professionals","English (ENGLISH)","1 Unit",""
"ENGLISH 205-CN","Intermediate Composition","English (ENGLISH)","1 Unit",""
"ENGLISH 205-DL","Intermediate Composition","English (ENGLISH)","1 Unit",""
"ENGLISH 206-CN","Reading and Writing Poetry","English (ENGLISH)","1 Unit",""
"ENGLISH 207-CN","Reading and Writing Fiction","English (ENGLISH)","1 Unit",""
"ENGLISH 208-CN","Reading and Writing Creative Nonfiction","English (ENGLISH)","1 Unit",""
"ENGLISH 210-B","British Literary Traditions II","English (ENGLISH)","1 Unit",""
"ENGLISH 211-PP","Introduction to Poetry","English (ENGLISH)","1 Unit",""
"ENGLISH 213-CN","Introduction to Fiction","English (ENGLISH)","1 Unit",""
"ENGLISH 270-A","American Literary Traditions I","English (ENGLISH)","1 Unit",""
"ENGLISH 270-B","American Literary Traditions II","English (ENGLISH)","1 Unit",""
"ENGLISH 285-DL","Topics in Literature and Culture","English (ENGLISH)","1 Unit",""
"ENGLISH 285-PP","Topics in Literature and Culture","English (ENGLISH)","1 Unit",""
"ENGLISH 300-CN","Seminar in Reading and Interpretation","English (ENGLISH)","1 Unit",""
"ENGLISH 306-A","Advanced Reading and Writing Poetry I","English (ENGLISH)","1 Unit",""
"ENGLISH 307-A","Advanced Reading and Writing Fiction I","English (ENGLISH)","1 Unit",""
"ENGLISH 307-B","Advanced Creative Writing: Fiction II","English (ENGLISH)","1 Unit",""
"ENGLISH 308-A","Advanced Reading and Writing Creative Nonfiction I","English (ENGLISH)","1 Unit",""
"ENGLISH 308-B","Advanced Reading and Writing Creative Nonfiction II","English (ENGLISH)","1 Unit",""
"ENGLISH 310-CN","Studies in Literary Genre:","English (ENGLISH)","1 Unit",""
"ENGLISH 312-CN","Studies in Drama:","English (ENGLISH)","1 Unit",""
"ENGLISH 313-CN","Studies in Fiction:","English (ENGLISH)","1 Unit",""
"ENGLISH 323-CN","Chaucer","English (ENGLISH)","1 Unit",""
"ENGLISH 324-CN","Studies in Medieval Literature:","English (ENGLISH)","1 Unit",""
"ENGLISH 338-CN","Studies in Renaissance Literature","English (ENGLISH)","1 Unit",""
"ENGLISH 339-CN","Special Topics in Shakespeare:","English (ENGLISH)","1 Unit",""
"ENGLISH 351-CN","Romantic Poetry","English (ENGLISH)","1 Unit",""
"ENGLISH 353-CN","Studies in Romantic Literature:","English (ENGLISH)","1 Unit",""
"ENGLISH 357-CN","19th-Century British Fiction","English (ENGLISH)","1 Unit",""
"ENGLISH 363-CN","20th-Century Fiction","English (ENGLISH)","1 Unit",""
"ENGLISH 365-CN","Studies in Postcolonial Literature","English (ENGLISH)","1 Unit",""
"ENGLISH 368-CN","Studies in 20th-Century Literature","English (ENGLISH)","1 Unit",""
"ENGLISH 369-CN","Studies in African Literature","English (ENGLISH)","1 Unit",""
"ENGLISH 371-CN","American Novel","English (ENGLISH)","1 Unit",""
"ENGLISH 377-CN","Topics in Latina and Latino Literature","English (ENGLISH)","1 Unit",""
"ENGLISH 378-CN","Studies in American Literature:","English (ENGLISH)","1 Unit",""
"ENGLISH 383-CN","Studies in Theory & Criticism:","English (ENGLISH)","1 Unit",""
"ENGLISH 385-CN","Studies in Literature and Culture","English (ENGLISH)","1 Unit",""
"ENGLISH 385-DL","Studies in Literature and Culture","English (ENGLISH)","1 Unit",""
"ENGLISH 386-CN","Studies in Literature and Film","English (ENGLISH)","1 Unit",""
"ENGLISH 392-CN","The Situation of Writing","English (ENGLISH)","1 Unit",""
"ENGLISH 399-CN","Independent Study","English (ENGLISH)","1 Unit",""
"FINANCE 202-CN","Introduction to Finance","Finance (FINANCE)","1 Unit",""
"FINANCE 202-DL","Introduction to Finance","Finance (FINANCE)","1 Unit",""
"FINANCE 360-CN","Corporate Finance","Finance (FINANCE)","1 Unit",""
"FINANCE 363-CN","Financial Markets and Institutions","Finance (FINANCE)","1 Unit",""
"FINANCE 364-CN","Investment Theory","Finance (FINANCE)","1 Unit",""
"FINANCE 365-CN","Portfolio Management","Finance (FINANCE)","1 Unit",""
"FINANCE 368-CN","Options and Futures","Finance (FINANCE)","1 Unit",""
"FINANCE 390-CN","Special Topics:","Finance (FINANCE)","1 Unit",""
"FINANCE 399-CN","Indp Study","Finance (FINANCE)","1 Unit",""
"FRENCH 111-A","Elementary French","French (FRENCH)","1 Unit",""
"FRENCH 111-B","Elementary French","French (FRENCH)","1 Unit",""
"FRENCH 111-C","Elementary French","French (FRENCH)","1 Unit",""
"FRENCH 121-A","Intermediate French","French (FRENCH)","1 Unit",""
"FRENCH 121-B","Intermediate French","French (FRENCH)","1 Unit",""
"FRENCH 121-C","Intermediate French","French (FRENCH)","1 Unit",""
"FRENCH 399-CN","Independent Study","French (FRENCH)","1 Unit",""
"GNDR_ST 101-CN","First-Year Seminar","Gender Studies (GNDR_ST)","1 Unit",""
"GNDR_ST 250-PP","Gender Issues in Science and Health","Gender Studies (GNDR_ST)","1 Unit",""
"GNDR_ST 381-PP","Queer Theory","Gender Studies (GNDR_ST)","1 Unit",""
"GNDR_ST 390-CN","Topics in Gender Studies:","Gender Studies (GNDR_ST)","1 Unit",""
"GBL_HLTH 301-CN","Introduction to International Public Health","Global Health (GBL_HLTH)","1 Unit",""
"GBL_HLTH 390-CN","Special Topics in Global Health","Global Health (GBL_HLTH)","1 Unit",""
"HLTH_SCI 250-DL","Healthcare Principles","Health Sciences (HLTH_SCI)","1 Unit",""
"HLTH_SCI 315-DL","Communication in Health Science Professions","Health Sciences (HLTH_SCI)","1 Unit",""
"HLTH_SCI 317-DL","Culturally Responsive Healthcare","Health Sciences (HLTH_SCI)","1 Unit",""
"HLTH_SCI 355-DL","Managing Financial Resources in Healthcare Organizations","Health Sciences (HLTH_SCI)","1 Unit",""
"HLTH_SCI 357-DL","Healthcare Quality Management","Health Sciences (HLTH_SCI)","1 Unit",""
"HLTH_SCI 365-DL","Data Management and Analytics in Healthcare","Health Sciences (HLTH_SCI)","1 Unit",""
"HLTH_SCI 367-DL","Research Methods in Health Sciences","Health Sciences (HLTH_SCI)","1 Unit",""
"HLTH_SCI 395-DL","Health Sciences Capstone","Health Sciences (HLTH_SCI)","1 Unit",""
"HISTORY 201-A","European Civilization I","History (HISTORY)","1 Unit",""
"HISTORY 201-B","European Civilization II","History (HISTORY)","1 Unit",""
"HISTORY 210-A","History of the United States","History (HISTORY)","1 Unit",""
"HISTORY 210-B","History of the United States","History (HISTORY)","1 Unit",""
"HISTORY 220-A","History of the U.S. Precolonial to the Civil War","History (HISTORY)","1 Unit",""
"HISTORY 250-A","Global History: Early Modern to Modern Transition","History (HISTORY)","1 Unit",""
"HISTORY 250-B","Global History: Modern World","History (HISTORY)","1 Unit",""
"HISTORY 253-PP","A Global History of Prisons and Camps","History (HISTORY)","1 Unit",""
"HISTORY 300-CN","New Lectures:","History (HISTORY)","1 Unit",""
"HISTORY 300-PP","New Lectures in History","History (HISTORY)","1 Unit",""
"HISTORY 393-CN","Approaches to History","History (HISTORY)","1 Unit",""
"HISTORY 395-CN","Research Seminar","History (HISTORY)","1 Unit",""
"HUM 341-DL","Revolution and Society in Cold War Latin America","Humanities (HUM)","1 Unit",""
"HUM 341-PP","Revolution and Society in Cold War Latin America","Humanities (HUM)","1 Unit",""
"INTL_ST 390-CN","Special Topics in International Studies","International Studies (INTL_ST)","1 Unit",""
"JRN_WRIT 201-A","Writing for Media","Journalistic Writing (JRN_WRIT)","1 Unit",""
"JRN_WRIT 201-B","Visual Storytelling","Journalistic Writing (JRN_WRIT)","1 Unit",""
"JRN_WRIT 202-CN","Reporting & Writing","Journalistic Writing (JRN_WRIT)","1 Unit",""
"JRN_WRIT 390-CN","Topics in Journalism","Journalistic Writing (JRN_WRIT)","1 Unit",""
"JRN_WRIT 390-PP","Special Topics","Journalistic Writing (JRN_WRIT)","1 Unit",""
"JRN_WRIT 391-CN","Topics in Journalism","Journalistic Writing (JRN_WRIT)","1 Unit",""
"JRN_WRIT 399-CN","Independent Study","Journalistic Writing (JRN_WRIT)","1 Unit",""
"KINS 237-CN","Foundations of Human Movement","Kinesiology (KINS)","1 Unit",""
"LEGAL_ST 276-CN","Introductory Topics in Legal Studies","Legal Studies (LEGAL_ST)","1 Unit",""
"LEGAL_ST 376-CN","Topics in Legal Studies","Legal Studies (LEGAL_ST)","1 Unit",""
"LEGAL_ST 399-PP","Independent Study","Legal Studies (LEGAL_ST)","1 Unit",""
"MKTG 201-DL","Principles of Marketing","Marketing (MKTG)","1 Unit",""
"MKTG 201-PP","Principles of Marketing","Marketing (MKTG)","1 Unit",""
"MKTG 310-CN","Integrated Marketing Communications","Marketing (MKTG)","1 Unit",""
"MKTG 320-CN","Brand Management","Marketing (MKTG)","1 Unit",""
"MKTG 320-DL","Brand Management","Marketing (MKTG)","1 Unit",""
"MKTG 350-CN","Market Research","Marketing (MKTG)","1 Unit",""
"MKTG 350-DL","Market Research","Marketing (MKTG)","1 Unit",""
"MKTG 360-CN","International Marketing","Marketing (MKTG)","1 Unit",""
"MKTG 370-DL","Introduction to Public Relations","Marketing (MKTG)","1 Unit",""
"MKTG 390-CN","Topics In Marketing:","Marketing (MKTG)","1 Unit",""
"MKTG 399-CN","Independent Study","Marketing (MKTG)","1 Unit",""
"MATH 100-CN","Quantitative Reasoning","Mathematics (MATH)","1 Unit",""
"MATH 100-DL","Quantitative Reasoning","Mathematics (MATH)","1 Unit",""
"MATH 101-CN","Algebra","Mathematics (MATH)","1 Unit",""
"MATH 101-DL","Algebra","Mathematics (MATH)","1 Unit",""
"MATH 110-CN","Introduction to  Mathematics","Mathematics (MATH)","1 Unit",""
"MATH 113-CN","Precalculus Mathematics","Mathematics (MATH)","1 Unit",""
"MATH 202-CN","Finite Mathematics","Mathematics (MATH)","1 Unit",""
"MATH 202-PP","Finite Mathematics","Mathematics (MATH)","1 Unit",""
"MATH 211-CN","Short Course in Calculus","Mathematics (MATH)","1 Unit",""
"MATH 220-A","Single-Variable Differential Calculus","Mathematics (MATH)","1 Unit",""
"MATH 220-A-DL","Single-Variable Differential Calculus","Mathematics (MATH)","1 Unit",""
"MATH 220-B","Single-Variable Integral Calculus","Mathematics (MATH)","1 Unit",""
"MATH 220-B-DL","Single-Variable Integral Calculus","Mathematics (MATH)","1 Unit",""
"MATH 226-CN","Sequences and Series","Mathematics (MATH)","1 Unit",""
"MATH 230-A","Multivariable Differential Calculus","Mathematics (MATH)","1 Unit",""
"MATH 230-B","Multivariable Integral Calculus","Mathematics (MATH)","1 Unit",""
"MATH 240-CN","Linear Algebra","Mathematics (MATH)","1 Unit",""
"MATH 250-CN","Elementary Differential Equations","Mathematics (MATH)","1 Unit",""
"MATH 300-CN","Foundations of Higher Mathematics","Mathematics (MATH)","1 Unit",""
"MATH 399-CN","Independent Study","Mathematics (MATH)","1 Unit",""
"MUS_HIST 335-CN","Selected Topics in Music:","Music History & Literature (MUS_HIST)","1 Unit",""
"MUS_HIST 336-CN","Selected Topics in Music","Music History & Literature (MUS_HIST)","1 Unit",""
"ORG_BEH 301-CN","Organization Behavior","Organizational Behavior (ORG_BEH)","1 Unit",""
"ORG_BEH 301-DL","Organization Behavior","Organizational Behavior (ORG_BEH)","1 Unit",""
"ORG_BEH 307-CN","Leadership Principles and Practices","Organizational Behavior (ORG_BEH)","1 Unit",""
"ORG_BEH 307-DL","Leadership Principles","Organizational Behavior (ORG_BEH)","1 Unit",""
"ORG_BEH 307-PP","Leadership Principles","Organizational Behavior (ORG_BEH)","1 Unit",""
"ORG_BEH 309-CN","Human Resource Management","Organizational Behavior (ORG_BEH)","1 Unit",""
"ORG_BEH 309-DL","Fundamentals of HR Management","Organizational Behavior (ORG_BEH)","1 Unit",""
"ORG_BEH 310-CN","Organizational Change","Organizational Behavior (ORG_BEH)","1 Unit",""
"ORG_BEH 310-DL","Organizational Change","Organizational Behavior (ORG_BEH)","1 Unit",""
"ORG_BEH 310-PP","Organizational Change","Organizational Behavior (ORG_BEH)","1 Unit",""
"ORG_BEH 311-CN","Conflict Resolution","Organizational Behavior (ORG_BEH)","1 Unit",""
"ORG_BEH 311-DL","Conflict Resolution","Organizational Behavior (ORG_BEH)","1 Unit",""
"ORG_BEH 312-DL","Managing Diversity & Inclusion","Organizational Behavior (ORG_BEH)","1 Unit",""
"ORG_BEH 321-CN","Employment Law","Organizational Behavior (ORG_BEH)","1 Unit",""
"ORG_BEH 321-DL","Employment Law","Organizational Behavior (ORG_BEH)","1 Unit",""
"ORG_BEH 322-CN","Training and Development","Organizational Behavior (ORG_BEH)","1 Unit",""
"ORG_BEH 331-CN","Conflict Resolution","Organizational Behavior (ORG_BEH)","1 Unit",""
"ORG_BEH 367-CN","Strategic Planning and Management","Organizational Behavior (ORG_BEH)","1 Unit",""
"ORG_BEH 367-DL","Strategic Planning and Management","Organizational Behavior (ORG_BEH)","1 Unit",""
"ORG_BEH 368-CN","Project Management","Organizational Behavior (ORG_BEH)","1 Unit",""
"ORG_BEH 368-DL","Project Management","Organizational Behavior (ORG_BEH)","1 Unit",""
"ORG_BEH 369-CN","Entrepreneurship and Technology","Organizational Behavior (ORG_BEH)","1 Unit",""
"ORG_BEH 369-DL","Entrepreneurship and Technology","Organizational Behavior (ORG_BEH)","1 Unit",""
"ORG_BEH 372-CN","International Business","Organizational Behavior (ORG_BEH)","1 Unit",""
"ORG_BEH 390-CN","Topics in Workplace Relations:","Organizational Behavior (ORG_BEH)","1 Unit",""
"ORG_BEH 391-CN","Topics in Management:","Organizational Behavior (ORG_BEH)","1 Unit",""
"ORG_BEH 391-DL","Topics in Management:","Organizational Behavior (ORG_BEH)","1 Unit",""
"ORG_BEH 395-CN","Leadership Capstone","Organizational Behavior (ORG_BEH)","1 Unit",""
"ORG_BEH 395-DL","Leadership Capstone","Organizational Behavior (ORG_BEH)","1 Unit",""
"ORG_BEH 398-A","Proseminar in Business Leadership I","Organizational Behavior (ORG_BEH)","0.5 Unit",""
"ORG_BEH 398-B","Proseminar in Business Leadership II","Organizational Behavior (ORG_BEH)","0.5 Unit",""
"ORG_BEH 399-CN","Independent Study","Organizational Behavior (ORG_BEH)","1 Unit",""
"PERF_ST 103-CN","The Analysis and  Performance of Literature","Performance Studies (PERF_ST)","1 Unit",""
"PERF_ST 210-CN","Performance of Poetry","Performance Studies (PERF_ST)","1 Unit",""
"PERF_ST 330-CN","Topics In Performance Studies:","Performance Studies (PERF_ST)","1 Unit",""
"PERF_ST 330-PP","PERF_ST: Topics in Performance Studies","Performance Studies (PERF_ST)","1 Unit",""
"PHIL 110-CN","Introduction to Philosophy","Philosophy (PHIL)","1 Unit",""
"PHIL 111-CN","Introduction to Philosophy","Philosophy (PHIL)","1 Unit",""
"PHIL 150-CN","Elementary Logic","Philosophy (PHIL)","1 Unit",""
"PHIL 240-CN","Freedom and Responsibility","Philosophy (PHIL)","1 Unit",""
"PHIL 262-PP","Ethical Problems and Public Issues","Philosophy (PHIL)","1 Unit",""
"PHIL 264-DL","Professional Ethics","Philosophy (PHIL)","1 Unit",""
"PHIL 265-CN","Introduction to Political Philosophy","Philosophy (PHIL)","1 Unit",""
"PHIL 268-CN","Ethics and the Environment","Philosophy (PHIL)","1 Unit",""
"PHIL 269-DL","Bioethics","Philosophy (PHIL)","1 Unit",""
"PHIL 269-PP","Bioethics","Philosophy (PHIL)","1 Unit",""
"PHIL 326-CN","Philosophy of Medicine","Philosophy (PHIL)","1 Unit",""
"PHIL 361-CN","Topics in Social and Political Philosophy","Philosophy (PHIL)","1 Unit",""
"PHIL 364-DL","Business and Professional Ethics","Philosophy (PHIL)","1 Unit",""
"PHIL 390-CN","Special Topics","Philosophy (PHIL)","1 Unit",""
"PHIL 391-CN","Special Topics in Philosophy","Philosophy (PHIL)","1 Unit",""
"PHIL 399-CN","Independent Study","Philosophy (PHIL)","1 Unit",""
"PHYSICS 120-PP","Order of Magnitude: Solving Big Problems with Simple Reasoning","Physics (PHYSICS)","1 Unit",""
"PHYSICS 130-A","College Physics I","Physics (PHYSICS)","1 Unit",""
"PHYSICS 130-B","College Physics II","Physics (PHYSICS)","1 Unit",""
"PHYSICS 130-C","College Physics III","Physics (PHYSICS)","1 Unit",""
"PHYSICS 131-A","Physics Laboratory I","Physics (PHYSICS)","0.34 Unit",""
"PHYSICS 131-B","Physics Laboratory II","Physics (PHYSICS)","0.34 Unit",""
"PHYSICS 131-C","Physics Laboratory III","Physics (PHYSICS)","0.34 Unit",""
"PHYSICS 132-A","College Physics","Physics (PHYSICS)","1 Unit",""
"PHYSICS 399-CN","Independent Study","Physics (PHYSICS)","1 Unit",""
"PHYSICS 399-PP","Physics","Physics (PHYSICS)","1 Unit",""
"POLI_SCI 201-A","Introduction to Political Theory","Political Science (POLI_SCI)","1 Unit",""
"POLI_SCI 220-CN","American Government and Politics","Political Science (POLI_SCI)","1 Unit",""
"POLI_SCI 222-CN","Amer Government and Politics","Political Science (POLI_SCI)","1 Unit",""
"POLI_SCI 230-CN","Law in the Political Arena","Political Science (POLI_SCI)","1 Unit",""
"POLI_SCI 230-DL","Introduction to Law in the Political Arena","Political Science (POLI_SCI)","1 Unit",""
"POLI_SCI 230-PP","Introduction to Law in the Political Arena","Political Science (POLI_SCI)","1 Unit",""
"POLI_SCI 240-CN","Introduction to International Relations","Political Science (POLI_SCI)","1 Unit",""
"POLI_SCI 250-CN","Introduction to Comparative Politics","Political Science (POLI_SCI)","1 Unit",""
"POLI_SCI 250-DL","Introduction to Comparative Politics","Political Science (POLI_SCI)","1 Unit",""
"POLI_SCI 301-CN","Classical Political Theory","Political Science (POLI_SCI)","1 Unit",""
"POLI_SCI 320-CN","The Presidency","Political Science (POLI_SCI)","1 Unit",""
"POLI_SCI 324-CN","Political Parties and Elections","Political Science (POLI_SCI)","1 Unit",""
"POLI_SCI 328-CN","Public Policy","Political Science (POLI_SCI)","1 Unit",""
"POLI_SCI 329-PP","U.S. Environmental Politics","Political Science (POLI_SCI)","1 Unit",""
"POLI_SCI 332-CN","Constitutional Law","Political Science (POLI_SCI)","1 Unit",""
"POLI_SCI 333-CN","Constitutional Law II","Political Science (POLI_SCI)","1 Unit",""
"POLI_SCI 341-CN","International Political Economy","Political Science (POLI_SCI)","1 Unit",""
"POLI_SCI 342-CN","International Organazations","Political Science (POLI_SCI)","1 Unit",""
"POLI_SCI 345-CN","National Security","Political Science (POLI_SCI)","1 Unit",""
"POLI_SCI 345-PP","National Security","Political Science (POLI_SCI)","1 Unit",""
"POLI_SCI 348-CN","Globalization","Political Science (POLI_SCI)","1 Unit",""
"POLI_SCI 350-PP","Social Movements","Political Science (POLI_SCI)","1 Unit",""
"POLI_SCI 353-CN","Politics of Latin America","Political Science (POLI_SCI)","1 Unit",""
"POLI_SCI 355-CN","Chinese Politics","Political Science (POLI_SCI)","1 Unit",""
"POLI_SCI 359-CN","Politics in Africa","Political Science (POLI_SCI)","1 Unit",""
"POLI_SCI 361-CN","Democratic Transitions","Political Science (POLI_SCI)","1 Unit",""
"POLI_SCI 374-CN","Politics of Capitalism","Political Science (POLI_SCI)","1 Unit",""
"POLI_SCI 374-PP","Politics of Capitalism","Political Science (POLI_SCI)","1 Unit",""
"POLI_SCI 378-CN","America and the World","Political Science (POLI_SCI)","1 Unit",""
"POLI_SCI 383-PP","War and Change in International Politics","Political Science (POLI_SCI)","1 Unit",""
"POLI_SCI 390-CN","Special Topics","Political Science (POLI_SCI)","1 Unit",""
"POLI_SCI 390-PP","Special Topics in Political Science","Political Science (POLI_SCI)","1 Unit",""
"POLI_SCI 395-CN","Political Research Seminar","Political Science (POLI_SCI)","1 Unit",""
"POLI_SCI 395-PP","Political Research Seminar","Political Science (POLI_SCI)","1 Unit",""
"POLI_SCI 399-CN","Independent Study","Political Science (POLI_SCI)","1 Unit",""
"POLI_SCI 399-PP","Independent Study","Political Science (POLI_SCI)","1 Unit",""
"PRO_HLTH 390-DL","Interprofessional Health Practice","Professional Health (PRO_HLTH)","1 Unit",""
"PRO_HLTH 396-A","Professional Health Careers Proseminar I","Professional Health (PRO_HLTH)","0 Unit",""
"PRO_HLTH 396-B","Professional Health Careers Proseminar II","Professional Health (PRO_HLTH)","0 Unit",""
"PRO_HLTH 396-B-DL","Professional Health Careers Proseminar 11","Professional Health (PRO_HLTH)","0 Unit",""
"PSYCH 110-CN","Introduction to Psychology","Psychology (PSYCH)","1 Unit",""
"PSYCH 110-DL","Introduction to Psychology","Psychology (PSYCH)","1 Unit",""
"PSYCH 111-CN","Introduction to Psychology","Psychology (PSYCH)","1 Unit",""
"PSYCH 201-CN","Statistical Methods in Psychology","Psychology (PSYCH)","1 Unit",""
"PSYCH 202-CN","Statistical Methods in Psych","Psychology (PSYCH)","1 Unit",""
"PSYCH 213-CN","Social Psychology","Psychology (PSYCH)","1 Unit",""
"PSYCH 213-DL","Social Psychology","Psychology (PSYCH)","1 Unit",""
"PSYCH 215-CN","Psychology of Personality","Psychology (PSYCH)","1 Unit",""
"PSYCH 218-CN","Developmental Psychology","Psychology (PSYCH)","1 Unit",""
"PSYCH 221-CN","Introduction to Neuroscience","Psychology (PSYCH)","1 Unit",""
"PSYCH 228-CN","Cognitive Psychology","Psychology (PSYCH)","1 Unit",""
"PSYCH 244-CN","Developmental Psychology","Psychology (PSYCH)","1 Unit",""
"PSYCH 249-PP","Buddhist Psychology","Psychology (PSYCH)","1 Unit",""
"PSYCH 301-CN","Research Methods in Psychology","Psychology (PSYCH)","1 Unit",""
"PSYCH 303-CN","Psychopathology","Psychology (PSYCH)","1 Unit",""
"PSYCH 306-CN","Introduction to Clinical Psychology","Psychology (PSYCH)","1 Unit",""
"PSYCH 309-CN","Topics in Social/Clinical/Personality Identity Development","Psychology (PSYCH)","1 Unit",""
"PSYCH 310-CN","Special Topics in Social/Clinical/Personality","Psychology (PSYCH)","1 Unit",""
"PSYCH 311-CN","Psychology of Attitudes","Psychology (PSYCH)","1 Unit",""
"PSYCH 313-CN","Relationship Science","Psychology (PSYCH)","1 Unit",""
"PSYCH 317-CN","The Holocaust: Psychological Themes & Perspectives","Psychology (PSYCH)","1 Unit",""
"PSYCH 324-CN","Perception","Psychology (PSYCH)","1 Unit",""
"PSYCH 328-PP","Brain Damage and the Mind","Psychology (PSYCH)","1 Unit",""
"PSYCH 330-CN","Special Topics in Cognition/Neuroscience","Psychology (PSYCH)","1 Unit",""
"PSYCH 335-CN","Decision Making","Psychology (PSYCH)","1 Unit",""
"PSYCH 340-CN","Psychology and Law","Psychology (PSYCH)","1 Unit",""
"PSYCH 342-CN","Evolutionary Psychology","Psychology (PSYCH)","1 Unit",""
"PSYCH 343-CN","Psychology of Beauty","Psychology (PSYCH)","1 Unit",""
"PSYCH 344-CN","Cultural Psychology","Psychology (PSYCH)","1 Unit",""
"PSYCH 345-CN","Psychology and Law","Psychology (PSYCH)","1 Unit",""
"PSYCH 350-CN","Topics in Psychology","Psychology (PSYCH)","1 Unit",""
"PSYCH 354-CN","Deception: Processes and Detection","Psychology (PSYCH)","1 Unit",""
"PSYCH 366-CN","Stereotyping & Prejudice","Psychology (PSYCH)","1 Unit",""
"PSYCH 367-CN","Child Psychopathology","Psychology (PSYCH)","1 Unit",""
"PSYCH 369-CN","Psychological Tests & Measures","Psychology (PSYCH)","1 Unit",""
"PSYCH 373-CN","Decision Making","Psychology (PSYCH)","1 Unit",""
"PSYCH 374-CN","Human Memory","Psychology (PSYCH)","1 Unit",""
"PSYCH 399-CN","Independent Study","Psychology (PSYCH)","1 Unit",""
"PSYCH 399-PP","Independent Study","Psychology (PSYCH)","1 Unit",""
"RTVF 190-CN","Media Construction","Radio/Television/Film (RTVF)","1 Unit",""
"RTVF 220-CN","Analyzing Media Texts","Radio/Television/Film (RTVF)","1 Unit",""
"RTVF 220-PP","Analyzing Media Texts","Radio/Television/Film (RTVF)","1 Unit",""
"RTVF 230-CN","Understanding Media Contexts","Radio/Television/Film (RTVF)","1 Unit",""
"RTVF 260-CN","Foundations of Screenwriting","Radio/Television/Film (RTVF)","1 Unit",""
"RTVF 298-CN","Studies in Media Topics","Radio/Television/Film (RTVF)","1 Unit",""
"RTVF 310-CN","Television History","Radio/Television/Film (RTVF)","1 Unit",""
"RTVF 312-CN","History of Film","Radio/Television/Film (RTVF)","1 Unit",""
"RTVF 316-PP","Media and Cultural Theory","Radio/Television/Film (RTVF)","1 Unit",""
"RTVF 321-CN","Radio/Television/Film Authorship","Radio/Television/Film (RTVF)","1 Unit",""
"RTVF 322-CN","Genre","Radio/Television/Film (RTVF)","1 Unit",""
"RTVF 322-PP","Radio/Television/Film Genre","Radio/Television/Film (RTVF)","1 Unit",""
"RTVF 325-CN","Film, Media & Gender","Radio/Television/Film (RTVF)","1 Unit",""
"RTVF 351-PP","National Cinema: Third World Cinema","Radio/Television/Film (RTVF)","1 Unit",""
"RTVF 360-CN","Topics in Screenwriting","Radio/Television/Film (RTVF)","1 Unit",""
"RTVF 363-CN","Topics in Media Writing","Radio/Television/Film (RTVF)","1 Unit",""
"RTVF 376-PP","Topics in Interactive Media","Radio/Television/Film (RTVF)","1 Unit",""
"RTVF 379-CN","Topics in Film/Video/Audio Production","Radio/Television/Film (RTVF)","1 Unit",""
"RTVF 392-CN","Documentary Production","Radio/Television/Film (RTVF)","1 Unit",""
"RTVF 398-CN","Issues in Radio/Television/Film","Radio/Television/Film (RTVF)","1 Unit",""
"RTVF 398-PP","Issues in Radio/Television/Film","Radio/Television/Film (RTVF)","1 Unit",""
"RTVF 399-CN","Independent Study","Radio/Television/Film (RTVF)","1 Unit",""
"RELIGION 171-CN","Varieties of Religious Tradition","Religion (RELIGION)","1 Unit",""
"RELIGION 319-CN","Topics in Buddhism:","Religion (RELIGION)","1 Unit",""
"RELIGION 339-CN","Topics in Judaism","Religion (RELIGION)","1 Unit",""
"RELIGION 349-CN","Topics in Christianity","Religion (RELIGION)","1 Unit",""
"RELIGION 359-CN","Topics in Islam","Religion (RELIGION)","1 Unit",""
"RELIGION 379-CN","Topics in Comparative Religion","Religion (RELIGION)","1 Unit",""
"RELIGION 399-CN","Independent Study","Religion (RELIGION)","1 Unit",""
"SOC_SCI 211-DL","Human Culture in Global Perspective","Social Sciences (SOC_SCI)","1 Unit",""
"SOC_SCI 320-DL","Social and Public Policy","Social Sciences (SOC_SCI)","1 Unit",""
"SOC_SCI 322-DL","Identity and U.S. Policy","Social Sciences (SOC_SCI)","1 Unit",""
"SOC_SCI 330-DL","Human Rights and Social Institutions: A Global Perspective","Social Sciences (SOC_SCI)","1 Unit",""
"SOC_SCI 331-DL","Social Justice Movements","Social Sciences (SOC_SCI)","1 Unit",""
"SOC_SCI 334-DL","Social Justice, Human Rights, and the Commercial Sector","Social Sciences (SOC_SCI)","1 Unit",""
"SOC_SCI 335-DL","Social Entrepreneurship and the Non-profit Sector","Social Sciences (SOC_SCI)","1 Unit",""
"SOC_SCI 389-DL","Qualitative Research in Social Sciences","Social Sciences (SOC_SCI)","1 Unit",""
"SOC_SCI 398-DL","Social Sciences Capstone","Social Sciences (SOC_SCI)","1 Unit",""
"SOCIOL 110-CN","Introduction to Sociology","Sociology (SOCIOL)","1 Unit",""
"SOCIOL 111-CN","Introduction to Sociology","Sociology (SOCIOL)","1 Unit",""
"SOCIOL 201-CN","Social Inequality: Race, Class, and Power","Sociology (SOCIOL)","1 Unit",""
"SOCIOL 201-DL","Social Inequality","Sociology (SOCIOL)","1 Unit",""
"SOCIOL 202-CN","Social Problems","Sociology (SOCIOL)","1 Unit",""
"SOCIOL 207-CN","Cities in Society","Sociology (SOCIOL)","1 Unit",""
"SOCIOL 208-CN","Race and Society","Sociology (SOCIOL)","1 Unit",""
"SOCIOL 210-PP","Families and Society","Sociology (SOCIOL)","1 Unit",""
"SOCIOL 215-CN","Economy and Society","Sociology (SOCIOL)","1 Unit",""
"SOCIOL 216-CN","Gender and Society","Sociology (SOCIOL)","1 Unit",""
"SOCIOL 220-CN","Health, Biomedicine, Culture","Sociology (SOCIOL)","1 Unit",""
"SOCIOL 225-CN","Sociological Analysis","Sociology (SOCIOL)","1 Unit",""
"SOCIOL 226-CN","Sociological Analysis","Sociology (SOCIOL)","1 Unit",""
"SOCIOL 226-DL","Sociological Analysis","Sociology (SOCIOL)","1 Unit",""
"SOCIOL 288-DL","Institutions and Society","Sociology (SOCIOL)","1 Unit",""
"SOCIOL 302-CN","Sociology of Organizations","Sociology (SOCIOL)","1 Unit",""
"SOCIOL 302-DL","Sociology of Organizations","Sociology (SOCIOL)","1 Unit",""
"SOCIOL 303-DL","Analysis and Interpretation of Social Data","Sociology (SOCIOL)","1 Unit",""
"SOCIOL 306-CN","Sociological Theory","Sociology (SOCIOL)","1 Unit",""
"SOCIOL 306-PP","Sociological Theory","Sociology (SOCIOL)","1 Unit",""
"SOCIOL 309-CN","Political Sociology","Sociology (SOCIOL)","1 Unit",""
"SOCIOL 310-PP","Sociology of Families","Sociology (SOCIOL)","1 Unit",""
"SOCIOL 313-CN","Sociology of Organizations","Sociology (SOCIOL)","1 Unit",""
"SOCIOL 316-CN","Economic Sociology","Sociology (SOCIOL)","1 Unit",""
"SOCIOL 318-CN","Sociology of Law","Sociology (SOCIOL)","1 Unit",""
"SOCIOL 318-DL","Sociology of Law","Sociology (SOCIOL)","1 Unit",""
"SOCIOL 322-CN","Sociology of Immigration","Sociology (SOCIOL)","1 Unit",""
"SOCIOL 329-PP","Field Research and Methods of Data Collection","Sociology (SOCIOL)","1 Unit",""
"SOCIOL 345-CN","Class and Culture","Sociology (SOCIOL)","1 Unit",""
"SOCIOL 355-CN","Medical Sociology","Sociology (SOCIOL)","1 Unit",""
"SOCIOL 376-CN","Topics in Sociological Analysis:","Sociology (SOCIOL)","1 Unit",""
"SOCIOL 376-PP","Topics in Sociological Analysis","Sociology (SOCIOL)","1 Unit",""
"SOCIOL 399-CN","Independent Study","Sociology (SOCIOL)","1 Unit",""
"SOCIOL 399-PP","Independent Study","Sociology (SOCIOL)","1 Unit",""
"SPANISH 101-A","Elementary Spanish","Spanish (SPANISH)","1 Unit",""
"SPANISH 101-B","Elementary Spanish II","Spanish (SPANISH)","1 Unit",""
"SPANISH 101-C","Elementary Spanish","Spanish (SPANISH)","1 Unit",""
"SPANISH 102-A","Intermediate Spanish","Spanish (SPANISH)","1 Unit",""
"SPANISH 102-B","Intermediate Spanish II","Spanish (SPANISH)","1 Unit",""
"SPANISH 102-C","Intermediate Spanish III","Spanish (SPANISH)","1 Unit",""
"SPANISH 201-A","Advanced Spanish I: Latin American Identities and Politics","Spanish (SPANISH)","1 Unit",""
"SPANISH 201-B","Advanced Spanish II: Latin American History and Society","Spanish (SPANISH)","1 Unit",""
"SPANISH 201-C","Advanced Spanish III: Creative Arts in Spain and Latin America","Spanish (SPANISH)","1 Unit",""
"STAT 202-CN","Introduction to Statistics and Data Science","Statistics (STAT)","1 Unit",""
"STAT 202-DL","Introduction to Statistics and Data Science","Statistics (STAT)","1 Unit",""
"STAT 399-CN","Independent Study","Statistics (STAT)","1 Unit",""
"THEATRE 140-PP","Theatre in Context: Introduction","Theatre (THEATRE)","1 Unit",""
"THEATRE 312-A","The Art of Storytelling","Theatre (THEATRE)","1 Unit",""
"THEATRE 330-CN","Special Topics","Theatre (THEATRE)","1 Unit",""
"THEATRE 399-CN","Independent Study","Theatre (THEATRE)","1 Unit",""
