courseId,courseName,courseCredits,courseSubject,courseLevel,courseCampus
BIOL 114 —,Biological Principles,,Biology,,
BIOL 161 —,Introduction to Cell & Molecular Biology,,Biology,,
BIOL 162 —,Introduction to Organismal Biology,,Biology,,
BIOL 163 —,Introduction to Biol Diversity and Ecology,,Biology,,
BIOL 199-R01 —,Introduction to Human Nutrition,,Biology,,
BIOL 201 —,Microbiology of a Hurricane,,Biology,,
BIOL 210 —,Medical Microbiology,,Biology,,
BIOL 211 —,Anatomy & Physiology I,,Biology,,
BIOL 212 —,Anatomy and Physiology 2,,Biology,,
BIOL 213 —,Comparative Vertebrate Anatomy,,Biology,,
BIOL 214 —,Comparative Biomechanics,,Biology,,
BIOL 220 —,Entomology,,Biology,,
BIOL 223 —,Microbiology,,Biology,,
BIOL 232 —,Developmental Biology Lecture,,Biology,,
BIOL 233 —,Freshwater Ecology,,Biology,,
BIOL 234 —,Freshwater Ecology Lab,,Biology,,
BIOL 235 —,Marine Biology,,Biology,,
BIOL 237 —,Plant Ecology,,Biology,,
BIOL 241 —,Virology,,Biology,,
BIOL 242 —,Virology Lab,,Biology,,
BIOL 261 —,Genetics,,Biology,,
BIOL 263 —,Genetics Lab,,Biology,,
BIOL 266 —,Cell Biology,,Biology,,
BIOL 268 —,Cell Biology Lab,,Biology,,
BIOL 269 —,Neurobiology Lecture,,Biology,,
BIOL 270 —,Neurobiology Lab,,Biology,,
BIOL 275 —,Biological Statistics,,Biology,,
BIOL 280 —,Ecology,,Biology,,
BIOL 282 —,Ecology Lab,,Biology,,
BIOL 283 —,Evolution,,Biology,,
BIOL 285 —,Invertebrate Biology,,Biology,,
BIOL 292 —,Comparative Physiology,,Biology,,
BIOL 301 —,Biochemistry 1,,Biology,,
BIOL 302 —,Biochemistry 2,,Biology,,
BIOL 303 —,Biochemistry 1 Lab,,Biology,,
BIOL 304 —,Biochemistry 2 Lab,,Biology,,
BIOL 310 —,Molecular Biology of Cancer,,Biology,,
BIOL 331 —,Ecosystem Ecology,,Biology,,
BIOL 332 —,The Diverse Biology of Stem Cells,,Biology,,
BIOL 362 —,Topics in Genomics,,Biology,,
BIOL 369 —,Experimental Approaches in Neurobiology,,Biology,,
BIOL 383 —,Applied Evolution,,Biology,,
BIOL 392 —,Molecular Immunology,,Biology,,
BIOL 393 —,Molecular Immunology Lab,,Biology,,
BIOL 401 —,Undergraduate Research,,Biology,,
BIOL 405 —,Directed Readings,,Biology,,
BIOL 407 —,Honors Research,,Biology,,
BIOL 408 —,Honors Research,,Biology,,
CISS 113 —,Business Fundamentals Lab,,Center for Interdisciplinary Studies,,
CISS 150 —,Intro to Global Health,,Center for Interdisciplinary Studies,,
CISS 191 —,Vienna Around 1900,,Center for Interdisciplinary Studies,,
CISS 191-10A —,Practicum:Vienna Around 1900,,Center for Interdisciplinary Studies,,
CISS 199-S03 —,Math & Motion: Exploring the Intersection of Mathematics and Dance,,Center for Interdisciplinary Studies,,
CISS 200 —,Worcester and Its People,,Center for Interdisciplinary Studies,,
CISS 201 —,Legal Reasoning & Rhetoric,,Center for Interdisciplinary Studies,,
CISS 203 —,Community Engagement and Social Responsibility,,Center for Interdisciplinary Studies,,
CISS 207 —,Mediation: Theory & Practice,,Center for Interdisciplinary Studies,,
CISS 208 —,Entrepreneurship,,Center for Interdisciplinary Studies,,
CISS 209 —,Pandemic Policy,,Center for Interdisciplinary Studies,,
CISS 230 —,Capitalism in Context,,Center for Interdisciplinary Studies,,
CISS 237 —,Eloquentia Perfecta: Writing and Speaking for the Common Good,,Center for Interdisciplinary Studies,,
CISS 237C —,Eloquentia Perfecta CBL,,Center for Interdisciplinary Studies,,
CISS 238 —,Writing about Data and Policy,,Center for Interdisciplinary Studies,,
CISS 239 —,Digital Literacy,,Center for Interdisciplinary Studies,,
CISS 255 —,Critical Issues/Global Health,,Center for Interdisciplinary Studies,,
CISS 259 —,Story/No Story,,Center for Interdisciplinary Studies,,
CISS 272 —,Health and Development,,Center for Interdisciplinary Studies,,
CISS 275 —,Create Lab,,Center for Interdisciplinary Studies,,
CISS 299-S03 —,Rhetoric of the Image,,Center for Interdisciplinary Studies,,
CISS 310 —,Seeking Justice,,Center for Interdisciplinary Studies,,
CISS 310C —,Seeking Justice CBL,,Center for Interdisciplinary Studies,,
CISS 313 —,ESIB Capstone,,Center for Interdisciplinary Studies,,
CISS 350 —,HIV/AIDS in Global Perspective,,Center for Interdisciplinary Studies,,
CISS 374 —,"Pop Culture, Race & Sexuality",,Center for Interdisciplinary Studies,,
CISS 388 —,Writer's Workshop Practicum,,Center for Interdisciplinary Studies,,
CISS 389 —,Composition Theory & Pedagogy,,Center for Interdisciplinary Studies,,
CISS 392 —,The Holocaust,,Center for Interdisciplinary Studies,,
CISS 399-F02 —,Indigenous Women & Environment,,Center for Interdisciplinary Studies,,
CISS 400 —,Tutorial,,Center for Interdisciplinary Studies,,
CISS 490 —,American Studies,,Center for Interdisciplinary Studies,,
CISS 496 —,Special Project,,Center for Interdisciplinary Studies,,
AFST 110 —,Intro To Africana Studies,,Center for Interdisciplinary Studies,,
AFST 260 —,Black Europe,,Center for Interdisciplinary Studies,,
AFST 299-S01 —,Civil Rights in the United States - 1900-Today,,Center for Interdisciplinary Studies,,
AFST 300 —,Tutorial,,Center for Interdisciplinary Studies,,
AFST 400 —,Tutorial,,Center for Interdisciplinary Studies,,
DFST 101 —,Elementary American Sign Language 1,,Center for Interdisciplinary Studies,,
DFST 102 —,Elementary American Sign Language 2,,Center for Interdisciplinary Studies,,
DFST 109 —,Introduction To Deaf Studies,,Center for Interdisciplinary Studies,,
DFST 200 —,Tutorial,,Center for Interdisciplinary Studies,,
DFST 201 —,Intermediate American Sign Language 1,,Center for Interdisciplinary Studies,,
DFST 201C —,Int Amer Sign Language 1 CBL,,Center for Interdisciplinary Studies,,
DFST 202 —,Intermediate American Sign Language 2,,Center for Interdisciplinary Studies,,
DFST 202C —,Interm Am Sign Language 1 CBL,,Center for Interdisciplinary Studies,,
DFST 300 —,The Deaf Community: Language and Culture,,Center for Interdisciplinary Studies,,
DFST 301 —,American Sign Language Comp & Conv,,Center for Interdisciplinary Studies,,
DFST 303 —,Deaf Literature,,Center for Interdisciplinary Studies,,
DFST 350 —,Experience in the Deaf Community,,Center for Interdisciplinary Studies,,
DFST 392 —,Tutorial,,Center for Interdisciplinary Studies,,
GSWS 120 —,Intro to GSWS,,Center for Interdisciplinary Studies,,
GSWS 220 —,Global Feminism,,Center for Interdisciplinary Studies,,
GSWS 400 —,Tutorial,,Center for Interdisciplinary Studies,,
GSWS 497 —,GSWS Capstone,,Center for Interdisciplinary Studies,,
LALC 101 —,Intro to Latin America,,Center for Interdisciplinary Studies,,
LALC 199-F02 —,Café Mocha: An Introduction to Latin American Economic History,,Center for Interdisciplinary Studies,,
LALC 210 —,Latinx Migration,,Center for Interdisciplinary Studies,,
LALC 298 —,Tutorial,,Center for Interdisciplinary Studies,,
PCON 298 —,Tutorial,,Center for Interdisciplinary Studies,,
CHEM 135 —,Drugs and Biotechnology,,Chemistry,,
CHEM 141 —,Environmental Chemistry,,Chemistry,,
CHEM 142 —,Chemistry of Food,,Chemistry,,
CHEM 143 —,Science Literacy and Responsible Citizenship,,Chemistry,,
CHEM 144 —,Chemistry & Society,,Chemistry,,
CHEM 146 —,Putting the Science in SciFi,,Chemistry,,
CHEM 181 —,Atoms & Molecules,,Chemistry,,
CHEM 215 —,Science in the Community,,Chemistry,,
CHEM 221 —,Organic Chemistry 1,,Chemistry,,
CHEM 222 —,Organic Chemistry 2,,Chemistry,,
CHEM 231 —,Equilibrium & Reactivity,,Chemistry,,
CHEM 289 —,Advanced Organic Chemistry,,Chemistry,,
CHEM 299-F01 —,Applying a Moral Compass to Scientific Innovations,,Chemistry,,
CHEM 300 —,Instrumental Chemistry/Analytical Methods,,Chemistry,,
CHEM 301 —,Biochemistry,,Chemistry,,
CHEM 304 —,Synthetic Organic Chemistry,,Chemistry,,
CHEM 305 —,Mechanistic Organic Chemistry,,Chemistry,,
CHEM 306 —,Chemistry of Materials,,Chemistry,,
CHEM 309 —,Spectroscopy,,Chemistry,,
CHEM 317 —,Nanotechnology,,Chemistry,,
CHEM 322 —,Applications of Analytical Chemistry,,Chemistry,,
CHEM 325 —,Environmental Forensics,,Chemistry,,
CHEM 335 —,Quantum Mechanics & Spectroscopy,,Chemistry,,
CHEM 336 —,Chemical Thermodynamics,,Chemistry,,
CHEM 351 —,Inorganic Chemistry,,Chemistry,,
CHEM 352 —,Inorganic Chem Lab,,Chemistry,,
CHEM 361 —,Biophysical Chemistry,,Chemistry,,
CHEM 364 —,Advanced Biochemistry,,Chemistry,,
CHEM 373 —,Polymer Chemistry,,Chemistry,,
CHEM 381 —,Bioinorganic Chemistry,,Chemistry,,
CHEM 389 —,Introduction to Research,,Chemistry,,
CHEM 390 —,Independent Research,,Chemistry,,
CHEM 392 —,Tutorial,,Chemistry,,
CHEM 399-F01 —,Organometallic Chemistry,,Chemistry,,
CHEM 405 —,General Research 1,,Chemistry,,
CHEM 406 —,General Research 2,,Chemistry,,
CHEM 407 —,General Research 3,,Chemistry,,
CHEM 408 —,General Research 4,,Chemistry,,
CHEM 410 —,Advanced Research,,Chemistry,,
LATN 101 —,Introduction To Latin 1,,Classics,,
LATN 102 —,Introduction To Latin 2,,Classics,,
LATN 211 —,1st Readings in College Latin,,Classics,,
LATN 211C —,1st Readings in College Latin,,Classics,,
LATN 213 —,Intermediate Latin 1,,Classics,,
LATN 214 —,Intermediate Latin 2,,Classics,,
LATN 301 —,Seminars in Roman Literature,,Classics,,
LATN 320 —,Sallust & Livy,,Classics,,
LATN 321 —,Tacitus,,Classics,,
LATN 322 —,Cicero's Speeches,,Classics,,
LATN 323 —,Roman Letter Writers,,Classics,,
LATN 324 —,Juvenal,,Classics,,
LATN 343 —,Horace: Odes,,Classics,,
LATN 344 —,Catullus,,Classics,,
LATN 350 —,Early Christian Literature,,Classics,,
LATN 358 —,Vergil: Aeneid,,Classics,,
LATN 359 —,"Vergil, Eclogues & Georgics",,Classics,,
LATN 363 —,Roman Comedy,,Classics,,
LATN 365 —,Latin Elegy,,Classics,,
LATN 366 —,Ovid's Metamorphoses,,Classics,,
LATN 370 —,Josephus,,Classics,,
LATN 401 —,Tutorial,,Classics,,
LATN 402 —,Tutorial,,Classics,,
GREK 101 —,Introduction To Greek 1,,Classics,,
GREK 102 —,Introduction To Greek 2,,Classics,,
GREK 213 —,Intermediate Greek 1,,Classics,,
GREK 214 —,Intermediate Greek 2,,Classics,,
GREK 301 —,Seminars in Greek Literature,,Classics,,
GREK 330 —,Greek Lyric Poetry,,Classics,,
GREK 332 —,Homer,,Classics,,
GREK 338 —,Plutarch,,Classics,,
GREK 340 —,Herodotus,,Classics,,
GREK 341 —,Thucydides,,Classics,,
GREK 351 —,Attic Orators: Demosthenes,,Classics,,
GREK 360 —,Aeschylus,,Classics,,
GREK 362 —,Euripides,,Classics,,
GREK 401 —,Tutorial,,Classics,,
GREK 402 —,Tutorial,,Classics,,
HEBR 101 —,Introduction to Biblical Hebrew 1,,Classics,,
HEBR 102 —,Introduction to Biblical Hebrew II,,Classics,,
CLAS 100 —,Opening Classics,,Classics,,
CLAS 101 —,Women & Men in Greek Lit & Soc,,Classics,,
CLAS 102 —,Women & Men in Roman Lit & Soc,,Classics,,
CLAS 103 —,Greek & Roman Epic,,Classics,,
CLAS 106 —,Classical Drama,,Classics,,
CLAS 120 —,Mythology,,Classics,,
CLAS 129 —,The Greek Hero in Myth and Art,,Classics,,
CLAS 130 —,Introduction to Ancient Egypt,,Classics,,
CLAS 141 —,Anc Greece: Freedom & Slavery,,Classics,,
CLAS 143 —,Athenian Democracy,,Classics,,
CLAS 145 —,TheClassics&Conflict in the US,,Classics,,
CLAS 151 —,History Of Ancient Rome,,Classics,,
CLAS 152 —,History of Rome 2: Empire,,Classics,,
CLAS 160 —,Intro To Classical Archaeology,,Classics,,
CLAS 165 —,Refugees in Ancient Myth&Today,,Classics,,
CLAS 165C —,Refugees in Ancient Myth & Today CBL,,Classics,,
CLAS 166 —,Ancient Painting and Mosaics,,Classics,,
CLAS 168 —,Photographing Antiquity,,Classics,,
CLAS 180 —,Jerusalem: The Holy City,,Classics,,
CLAS 188 —,Alexander the Great and Asia,,Classics,,
CLAS 199-F12 —,Color in Ancient Art & Thought,,Classics,,
CLAS 199-F13 —,World of the Etruscans,,Classics,,
CLAS 199-F14 —,"Violence, Love and the Family",,Classics,,
CLAS 199-F15 —,Drama in Community,,Classics,,
CLAS 199-F16 —,Archaeology of Ancient Landscapes,,Classics,,
CLAS 199-S11 —,Archaeology & the Bible,,Classics,,
CLAS 201 —,Seminar in Ancient Cultures,,Classics,,
CLAS 221 —,Women in Classical Mythology,,Classics,,
CLAS 222 —,Archaeology of Pompeii,,Classics,,
CLAS 223 —,Ideological Destruction of Art,,Classics,,
CLAS 226 —,Democracy and Rhetoric,,Classics,,
CLAS 233 —,Nature in the Classical World,,Classics,,
CLAS 235 —,The Iliad and its Reception,,Classics,,
CLAS 242 —,Race & Antiquity,,Classics,,
CLAS 264 —,Roman Sanctuaries & Religion,,Classics,,
CLAS 270 —,Women and Power in the Ancient Mediterranean,,Classics,,
CLAS 272 —,Ritual in Mesopotamia,,Classics,,
CLAS 299-S02 —,Archaeology & Pottery Analysis,,Classics,,
CLAS 299C —,Community English with Drama CBL,,Classics,,
CLAS 401 —,Tutorial,,Classics,,
CLAS 402 —,Tutorial,,Classics,,
CRES 130 —,Global Afro-Asia,,Critical Race & Ethnic Studies,,
CRES 199-F02 —,Voices from the Earth: Intro to Native & Indigenous Studies,,Critical Race & Ethnic Studies,,
CRES 299-F03 —,Listening to Abiayala: Indigenous Media Experiences Contesting Colonialism in Latin America,,Critical Race & Ethnic Studies,,
CRES 299-F04 —,The Foundations of CRES,,Critical Race & Ethnic Studies,,
CRES 299-S03 —,Black Medeas,,Critical Race & Ethnic Studies,,
CRES 299-S04 —,From Radio to TikTok: In-digital Media,,Critical Race & Ethnic Studies,,
CRES 299-S05 —,Speculative Media of Global Asia,,Critical Race & Ethnic Studies,,
CRES 310 —,Abolition Rhetoric,,Critical Race & Ethnic Studies,,
CRES 311 —,Native American Rhetoric,,Critical Race & Ethnic Studies,,
CRES 340 —,Asian American Literature,,Critical Race & Ethnic Studies,,
CRES 371 —,Contemporary African American Literature and Culture,,Critical Race & Ethnic Studies,,
CRES 374 —,Toni Morrison,,Critical Race & Ethnic Studies,,
CRES 399-F01 —,"Race, Rhetoric, and American Law",,Critical Race & Ethnic Studies,,
CRES 399-S02 —,The West from the Perspective of Its Victims,,Critical Race & Ethnic Studies,,
CRES 399-S03 —,Empire and Culture,,Critical Race & Ethnic Studies,,
CRES 499-F01 —,Advanced Dungeons and Dragons and Diversity,,Critical Race & Ethnic Studies,,
ECON 100 —,Core Principles of Economics,,Economics and Accounting,,
ECON 110 —,Principles of Economics,,Economics and Accounting,,
ECON 114 —,Social Welfare & Public Policy,,Economics and Accounting,,
ECON 149 —,Statistical Analysis,,Economics and Accounting,,
ECON 199-S01 —,Introduction to Monetary Policy,,Economics and Accounting,,
ECON 200 —,Tutorial,,Economics and Accounting,,
ECON 210 —,Economics of European Union,,Economics and Accounting,,
ECON 212 —,Gender Economics,,Economics and Accounting,,
ECON 219 —,"Economics and Popular Culture: Insights from Film, TV, Ads, Social Media, Music, and Literature",,Economics and Accounting,,
ECON 224 —,Environmental Economics,,Economics and Accounting,,
ECON 225 —,Economics of Personal Finance,,Economics and Accounting,,
ECON 230 —,Financial Markets and Institutions,,Economics and Accounting,,
ECON 235 —,Feminist Economics and Latin American Economic Development,,Economics and Accounting,,
ECON 236 —,Economics of Climate Change,,Economics and Accounting,,
ECON 239 —,Latin American Economic History and Development,,Economics and Accounting,,
ECON 249 —,Statistics,,Economics and Accounting,,
ECON 255 —,Microeconomics,,Economics and Accounting,,
ECON 256 —,Macroeconomics,,Economics and Accounting,,
ECON 265 —,Quantitative Microeconomics,,Economics and Accounting,,
ECON 266 —,Quantitative Macroeconomics,,Economics and Accounting,,
ECON 299-F05 —,Housing Finance and the Economy,,Economics and Accounting,,
ECON 299-S02 —,Economics of Poverty,,Economics and Accounting,,
ECON 302 —,Industrial Organization and Public Policy,,Economics and Accounting,,
ECON 303 —,Labor Economics,,Economics and Accounting,,
ECON 304 —,Law & Economics,,Economics and Accounting,,
ECON 307 —,Theory Of International Trade,,Economics and Accounting,,
ECON 312 —,Monetary Theory,,Economics and Accounting,,
ECON 314 —,Econometrics,,Economics and Accounting,,
ECON 315 —,Political Economy,,Economics and Accounting,,
ECON 317 —,Development Economics,,Economics and Accounting,,
ECON 318 —,Game Theory,,Economics and Accounting,,
ECON 319 —,Urban Economics,,Economics and Accounting,,
ECON 325 —,Public Economics,,Economics and Accounting,,
ECON 326 —,Economics of the Arts,,Economics and Accounting,,
ECON 329 —,Economics of Sports,,Economics and Accounting,,
ECON 330 —,International Finance,,Economics and Accounting,,
ECON 332 —,Financial Economics,,Economics and Accounting,,
ECON 333 —,Economics of Gambling,,Economics and Accounting,,
ECON 334 —,Economics of Immigration,,Economics and Accounting,,
ECON 335 —,Health Economics,,Economics and Accounting,,
ECON 336 —,College Fed Challenge,,Economics and Accounting,,
ECON 337 —,College Fed Challenge II,,Economics and Accounting,,
ECON 380 —,Experimental Economics,,Economics and Accounting,,
ECON 399-F05 —,Designing Fair Markets,,Economics and Accounting,,
ECON 400 —,Directed Readings & Research,,Economics and Accounting,,
ECON 460 —,Research Methods 1,,Economics and Accounting,,
ECON 461 —,Research Methods 2,,Economics and Accounting,,
ECON 462 —,Economics Honors Directed Research,,Economics and Accounting,,
ACCT 160 —,Sustainability and Citizenship,,Economics and Accounting,,
ACCT 181 —,Financial Accounting,,Economics and Accounting,,
ACCT 185 —,Excel Accounting Lab,,Economics and Accounting,,
ACCT 226 —,Operations Research,,Economics and Accounting,,
ACCT 270 —,Governmental & Nonprofit Acctg,,Economics and Accounting,,
ACCT 275 —,Corporation Finance,,Economics and Accounting,,
ACCT 277 —,Intermediate Accounting 1,,Economics and Accounting,,
ACCT 278 —,Intermediate Accounting 2,,Economics and Accounting,,
ACCT 285 —,Accounting Information Systems,,Economics and Accounting,,
ACCT 286 —,Data Analytics,,Economics and Accounting,,
ACCT 292 —,Federal Income Taxation,,Economics and Accounting,,
ACCT 360 —,"Ethics, Acctg & Organizations",,Economics and Accounting,,
ACCT 362 —,Taxation of Entities,,Economics and Accounting,,
ACCT 382 —,Auditing,,Economics and Accounting,,
ACCT 387 —,Business Law,,Economics and Accounting,,
ACCT 389 —,Cost Accounting,,Economics and Accounting,,
ACCT 390 —,Advanced Accounting,,Economics and Accounting,,
ACCT 400 —,Directed Reading,,Economics and Accounting,,
ACCT 401 —,Directed Readings Lab,,Economics and Accounting,,
EDUC 167 —,Educational Psychology,,Education,,
EDUC 167C —,Educational Psychology CBL,,Education,,
EDUC 169 —,Our Public Schools,,Education,,
EDUC 220 —,Guidance and the Law,,Education,,
EDUC 231 —,Adolescent Literacy,,Education,,
EDUC 234 —,"Family, Students, & Schools",,Education,,
EDUC 245 —,Dis/Ability Theory & Practice,,Education,,
EDUC 273 —,Complexities of Urban Schools,,Education,,
EDUC 299-F04 —,The Elementary Classroom,,Education,,
EDUC 301 —,Methods Of Teaching,,Education,,
EDUC 301C —,Methods of Teaching CBL,,Education,,
EDUC 310 —,Pre-Practicum - Teaching,,Education,,
EDUC 315 —,Multilingual Learners,,Education,,
EDUC 315C —,Multilingual Learners CBL,,Education,,
EDUC 320 —,Practicum: Middle and Sec School Teaching,,Education,,
EDUC 330 —,Seminar in Teaching,,Education,,
EDUC 340 —,"Culture, Identity, & Schooling",,Education,,
EDUC 351 —,Catholic Mission in Education,,Education,,
EDUC 360 —,Qualitative Research Methods in Education,,Education,,
EDUC 380 —,Capstone Seminar,,Education,,
EDUC 380C —,Capstone Seminar CBL,,Education,,
EDUC 390 —,Tutorial,,Education,,
EDUC 394 —,Directed Research,,Education,,
EDUC 399-F02 —,Teaching for Just Classrooms,,Education,,
EDUC 399-S02 —,Science Reconsidered,,Education,,
ENGL 100 —,Intro to Literary Study,,English,,
ENGL 110 —,Introduction to Academic Writing,,English,,
ENGL 130 —,Poetry and Poetics,,English,,
ENGL 141 —,Introduction to Creative Writing: Poetry,,English,,
ENGL 142 —,Introduction to Creative Writing: Narrative,,English,,
ENGL 200 —,Masterpieces of British Literature,,English,,
ENGL 201 —,Masterpieces of American Literature,,English,,
ENGL 210 —,Intermediate Academic Writing,,English,,
ENGL 211 —,Opposites Attract: Science Writing,,English,,
ENGL 212 —,Introduction to Screenwriting,,English,,
ENGL 230 —,Touchstones 1: Early Brit Lit,,English,,
ENGL 231 —,Touchstones 2A: American Lit,,English,,
ENGL 232 —,Touchstones 2B: Brit&Anglo Lit,,English,,
ENGL 240 —,Ekphrasis,,English,,
ENGL 241 —,Intermediate Poetry Workshop,,English,,
ENGL 242 —,Intermediate Fiction Workshop,,English,,
ENGL 243 —,Intermediate Creative Nonfiction Workshop,,English,,
ENGL 251 —,Irish Topics,,English,,
ENGL 259 —,Disability & Literature,,English,,
ENGL 260 —,Multi-Ethnic Literature of the U.S. for Non-Majors,,English,,
ENGL 261 —,Women Writers: Coming of Age,,English,,
ENGL 299-F04 —,American Crime Fiction,,English,,
ENGL 299-S06 —,Jane Austen for Nonmajors,,English,,
ENGL 299-S07 —,Alcohol in Irish Literature and Culture,,English,,
ENGL 312 —,Medieval Romance,,English,,
ENGL 314 —,Chaucer,,English,,
ENGL 315 —,Sex & Gender in Middle Ages,,English,,
ENGL 316 —,The World Novel,,English,,
ENGL 318 —,Renaissance Marvels & Monsters,,English,,
ENGL 320 —,Age of Elizabeth,,English,,
ENGL 324 —,Milton,,English,,
ENGL 325 —,Georgic and Pastoral,,English,,
ENGL 326 —,Dickensian Fiction,,English,,
ENGL 328 —,Shakespeare's Contemporaries,,English,,
ENGL 329 —,Shakespeare,,English,,
ENGL 332 —,Reading Nature,,English,,
ENGL 336 —,18th-Century Novel,,English,,
ENGL 337 —,18th-Century Poetry,,English,,
ENGL 338 —,18th-Century Satire,,English,,
ENGL 339 —,Restoration & 18th-Century Drama,,English,,
ENGL 340 —,Caribbean Literature,,English,,
ENGL 344 —,The Romantic Revolution,,English,,
ENGL 345 —,British Women Writers 1770 - 1860,,English,,
ENGL 346 —,Victorian Poetry,,English,,
ENGL 347 —,19th-Century British Novel,,English,,
ENGL 348 —,Reality Hunger,,English,,
ENGL 350 —,Early American Colonialism,,English,,
ENGL 351 —,Walking with Thoreau,,English,,
ENGL 352 —,American Realism,,English,,
ENGL 353 —,American Women Write the World,,English,,
ENGL 354 —,"Lincoln, Civil War, & Memory",,English,,
ENGL 355 —,Poe's Haunted World,,English,,
ENGL 356 —,American Immigrant Narratives,,English,,
ENGL 357 —,The United States of Poetry,,English,,
ENGL 358 —,Modern American Novel,,English,,
ENGL 359 —,African American Poetry,,English,,
ENGL 362 —,T.S. Eliot,,English,,
ENGL 363 —,Joyce,,English,,
ENGL 364 —,Contemporary Irish Literature,,English,,
ENGL 365 —,Modern British Poetry,,English,,
ENGL 366 —,Modern British Novel,,English,,
ENGL 367 —,Latinx Literature,,English,,
ENGL 368 —,African American Literature,,English,,
ENGL 369 —,Modern Drama,,English,,
ENGL 370 —,Being Modern,,English,,
ENGL 372 —,Contemporary African American Literature and Culture,,English,,
ENGL 374 —,Contemp. African Amer. Drama,,English,,
ENGL 375 —,Asian American Literature,,English,,
ENGL 377 —,Environmental Poetics,,English,,
ENGL 378 —,21st-Century Literature,,English,,
ENGL 379 —,Confrontations with Christianity,,English,,
ENGL 381 —,Rhetoric,,English,,
ENGL 382 —,Queer Theory,,English,,
ENGL 383 —,Feminist Literary Theory,,English,,
ENGL 384 —,Literary Theory,,English,,
ENGL 388 —,Adv Creative Writing Workshop,,English,,
ENGL 391 —,Topics in Rhetoric,,English,,
ENGL 392 —,Topics in Composition,,English,,
ENGL 394 —,The Black Urban Experience,,English,,
ENGL 399-F05 —,Strange Poetry,,English,,
ENGL 399-F06 —,Love and Death in the American Novel,,English,,
ENGL 399-F07 —,Moby Dick,,English,,
ENGL 399-F08 —,American Detective Fiction,,English,,
ENGL 399-S13 —,World Poetry & English Translation,,English,,
ENGL 399-S15 —,Spenser's Changing Climates,,English,,
ENGL 400 —,Tutorial,,English,,
ENGL 401 —,Seminar,,English,,
ENGL 407 —,English Honors Thesis,,English,,
ENGL 408 —,English Honors Thesis,,English,,
ENGL 409 —,English Honors Colloquium,,English,,
ENVS 117 —,Intro to Environmental Science,,Environmental Studies,,
ENVS 118 —,Introduction to Environmental Social Science,,Environmental Studies,,
ENVS 119 —,Introduction to Environmental Humanities,,Environmental Studies,,
ENVS 125 —,Introduction to Climate Change,,Environmental Studies,,
ENVS 199-S01 —,Oceans and People,,Environmental Studies,,
ENVS 200 —,Environmental Law,,Environmental Studies,,
ENVS 205 —,Environmental Justice,,Environmental Studies,,
ENVS 210 —,Worcester Eats,,Environmental Studies,,
ENVS 219 —,Rewriting Disaster Narratives,,Environmental Studies,,
ENVS 220 —,Environmental Psychology,,Environmental Studies,,
ENVS 235 —,Climate Science,,Environmental Studies,,
ENVS 245 —,Sustainable Energy,,Environmental Studies,,
ENVS 247 —,Introduction to Geographic Info Systems,,Environmental Studies,,
ENVS 252 —,Urban Forestry,,Environmental Studies,,
ENVS 299-F08 —,Forest Ecology and Landscape Change in New England,,Environmental Studies,,
ENVS 299-S03 —,Environmental Folklore,,Environmental Studies,,
ENVS 299-S10 —,Global Energy Science,,Environmental Studies,,
ENVS 399-F01 —,Walking with Thoreau,,Environmental Studies,,
ENVS 399-S01 —,Feminist Climate Justice,,Environmental Studies,,
ENVS 400 —,Tutorial,,Environmental Studies,,
ENVS 401 —,Directed Readings,,Environmental Studies,,
ENVS 402 —,Undergraduate Research,,Environmental Studies,,
ENVS 404 —,Capstone Seminar,,Environmental Studies,,
HIST 101 —,Themes,,History,,
HIST 101C —,Themes CBL,,History,,
HIST 111 —,The Rise of the Christian West to A.D. 1000,,History,,
HIST 112 —,Emerging Europe 1000-1500,,History,,
HIST 113 —,Renaissance to Napoleon,,History,,
HIST 114 —,Napoleon to the European Union,,History,,
HIST 119 —,The Global Environment: Past and Present,,History,,
HIST 122 —,"Food, Power, & Environment",,History,,
HIST 126 —,Colonial Latin America,,History,,
HIST 127 —,Modern Latin America,,History,,
HIST 134 —,Spirit Worlds: Early America,,History,,
HIST 137 —,"American Slavery, American Freedom",,History,,
HIST 155 —,World War II in East Asia,,History,,
HIST 187 —,Christianity and Colonialism,,History,,
HIST 192 —,East Asia History in Print and Visual Culture,,History,,
HIST 196 —,African Colonial Lives,,History,,
HIST 197 —,Early Africa to 1800,,History,,
HIST 198 —,Modern Africa Since 1800,,History,,
HIST 199-F01 —,Jesuits in the World,,History,,
HIST 199-F02 —,Spies and Lies,,History,,
HIST 199-S04 —,Global History: From Cosmic Origins to Columbian Exchange,,History,,
HIST 200 —,The Historian's Craft,,History,,
HIST 202 —,Amer in the Age of Revolutions,,History,,
HIST 203 —,"Slavery, Industry, Empire 1815-60",,History,,
HIST 204 —,Civil War and Reconstruction,,History,,
HIST 205 —,United States in the 20th Century 1,,History,,
HIST 206 —,US in 20C II 1945-Present,,History,,
HIST 209 —,Hamilton's America,,History,,
HIST 210 —,Early American Lives,,History,,
HIST 212 —,Hist of Capitalism: US & World,,History,,
HIST 223 —,Radicalism in America,,History,,
HIST 224 —,Catholicism In The United States,,History,,
HIST 225 —,Th Civil Rights Movement,,History,,
HIST 226 —,Irish American Experience,,History,,
HIST 229 —,The Asian American Experience,,History,,
HIST 232 —,Medieval Lives,,History,,
HIST 236 —,Renaissance Europe,,History,,
HIST 237 —,The Reformation,,History,,
HIST 241 —,French Rebels & Revolutionaries,,History,,
HIST 242 —,British Soc & Empire 1763-1901,,History,,
HIST 243 —,Britain & Empire since 1901,,History,,
HIST 244 —,"Medicine, Health, and Empire",,History,,
HIST 245 —,Imperial Russia/East & West,,History,,
HIST 247 —,Gender and Sexuality in the Middle East,,History,,
HIST 252 —,Sinners or Saints?: Women and Gender in the Middle Ages,,History,,
HIST 253 —,Soviet Experiment,,History,,
HIST 254 —,The Soviet Union After Stalin,,History,,
HIST 255 —,Eur:Mass Polit/Tot War 1890-1945,,History,,
HIST 256 —,Europe & Superpowers:1939-1991,,History,,
HIST 257 —,Witchcraft and Persecution in Europe (c. 1300-1700),,History,,
HIST 258 —,"Nature, Culture, and Power in Global History, 1500-1850",,History,,
HIST 260 —,Wicked Women and Proud Patriarchs: Gender & Sexuality in Colonial Latin America,,History,,
HIST 261 —,Germany in Age of Nationalism,,History,,
HIST 262 —,Germany:Dictatorship/Democracy,,History,,
HIST 263 —,"Work, Culture, and Power in U.S. History",,History,,
HIST 264 —,"Sports, Society, and History",,History,,
HIST 271 —,The Indians' New World: Native American History 1,,History,,
HIST 272 —,Native American History II,,History,,
HIST 273 —,"Witchcraft, Magic, and Ritual in the Premodern World",,History,,
HIST 275 —,U.S. Mexican Border,,History,,
HIST 276 —,Historically Speaking,,History,,
HIST 277 —,Afro-Latin America,,History,,
HIST 278 —,Raza e Identidad,,History,,
HIST 279 —,America's Colony: Puerto Rico since 1898,,History,,
HIST 280 —,Modern India,,History,,
HIST 281 —,Imperial China,,History,,
HIST 282 —,Modern China,,History,,
HIST 285 —,"The Last Age of Samurai Rule: Japanese History, 1550-1868",,History,,
HIST 286 —,Modern Japan,,History,,
HIST 291 —,Making Modrn MidEast 19th Century,,History,,
HIST 292 —,Making of the Mod Mid East II,,History,,
HIST 293 —,Ottoman Empire 1/1300-1600,,History,,
HIST 296 —,South Africa & Apartheid,,History,,
HIST 297 —,History of Disease and Healing,,History,,
HIST 298 —,Asian Revolutions,,History,,
HIST 299-F04 —,"Race, Religion and Education in Colonial India",,History,,
HIST 299-F05 —,Pen and Ink Witchcraft: Native American History through Treaties,,History,,
HIST 299-F06 —,Europe's Long 20th Century,,History,,
HIST 299-F09 —,"Revolution and State Building in North America, 1750-1815",,History,,
HIST 299-F10 —,Energy and the Environment in Global History: Fossil Fuels and Beyond,,History,,
HIST 299-F11 —,Local History in Action: Worcester Stories,,History,,
HIST 299-F13 —,Family in Russia: Medieval to Modern,,History,,
HIST 299-F15 —,An Introduction to the History of the 1960s in America,,History,,
HIST 299-S16 —,Mongols and More - At the Borders in China's Past,,History,,
HIST 299-S17 —,"Comparative Invasions of America: French, English, Spanish, 1500-1638",,History,,
HIST 299-S18 —,Colonialism and Resistance in the Middle East,,History,,
HIST 299-S26 —,Putin's World,,History,,
HIST 299-X01 —,Global Environmental History,,History,,
HIST 305 —,America's First Global Age,,History,,
HIST 310 —,Global Modernities: Polities of Difference,,History,,
HIST 314 —,Music/Sport/Cultural Encounter,,History,,
HIST 315 —,East Asia Displayed: Global Sports and International Exhibitions,,History,,
HIST 317 —,Pain & Suffering: US History,,History,,
HIST 319 —,Joan of Arc & Medieval Warfare,,History,,
HIST 327 —,Cultures of Cold War,,History,,
HIST 329 —,Collapse of Communism,,History,,
HIST 352 —,Rebels & Radical Thinkers,,History,,
HIST 361 —,"Germans, Jews and Memory",,History,,
HIST 363 —,Indigenous Latin America,,History,,
HIST 365 —,Resistance & Rev in Mod Africa,,History,,
HIST 370 —,"Capital & Empire: United States in the World, 1870s-1920s",,History,,
HIST 392 —,Palestinian-Israeli Conflict,,History,,
HIST 399-F10 —,"Mountains, Masculinity, and Empire",,History,,
HIST 399-F11 —,"Caste in Indian History: Power, Prejudice & Social Hierarchy",,History,,
HIST 401 —,Seminar,,History,,
HIST 408 —,Tutorial,,History,,
HIST 420 —,Fourth Year Thesis,,History,,
HIST 421 —,Fourth Year Thesis,,History,,
HIST 422 —,Advanced Research & Writing Colloquium,,History,,
HIST 423 —,Advanced Research & Writing Colloquium,,History,,
ANTH 101 —,Anthropological Perspective,,International Studies,,
ANTH 251 —,Informal Economies,,International Studies,,
ANTH 252 —,Anthropology of Law,,International Studies,,
ANTH 253 —,Gender & Development,,International Studies,,
ANTH 257 —,Anthropology of Debt,,International Studies,,
ANTH 266 —,Cultures and Politics of Latin America,,International Studies,,
ANTH 268 —,Economic Anthropology,,International Studies,,
ANTH 269 —,"Fashion, Power, and Identity",,International Studies,,
ANTH 273 —,Anthropology of Africa,,International Studies,,
ANTH 278 —,African Infrastructures,,International Studies,,
ANTH 348 —,"Diaspora, Identity and Belonging",,International Studies,,
ANTH 386 —,Global Queer Activism,,International Studies,,
FREN 431 —,Contemporary France,,International Studies,,
FREN 441 —,Francophone Protest Poetics,,International Studies,,
GERM 260 —,What Was Nature? Germany and the Global Ecological Crisis,,International Studies,,
ITAL 323 —,Intro to Contemporary Italy,,International Studies,,
ITAL 340 —,Black Italy,,International Studies,,
ITAL 420 —,Twentieth Century Novel & World War 2,,International Studies,,
ITAL 457 —,"Making Modern Italy: Innovation in Italian Society, Culture, and Art",,International Studies,,
PHIL 112 —,Chinese Political Philosophy,,International Studies,,
PHIL 255 —,Asian Philosophy,,International Studies,,
PHIL 361 —,Confucian Values & Human Rights,,International Studies,,
POLS 102 —,Introduction To Comparative Politics,,International Studies,,
POLS 103 —,Introduction to International Relations,,International Studies,,
POLS 217 —,The Constitution in Wartime,,International Studies,,
POLS 235 —,Islamic Political Thought,,International Studies,,
POLS 254 —,Conflicts in Post-Soviet Eurasia,,International Studies,,
POLS 257 —,Politics of Development,,International Studies,,
POLS 265 —,European Politics,,International Studies,,
POLS 267 —,The Politics of the European Union,,International Studies,,
POLS 270 —,African Politics,,International Studies,,
POLS 272 —,Politics of the Middle East,,International Studies,,
POLS 275 —,International Political Economy,,International Studies,,
POLS 276 —,South Asian Politics,,International Studies,,
POLS 277 —,Cybersecurity: Strategy and Policy,,International Studies,,
POLS 278 —,East Asia in World Politics,,International Studies,,
POLS 281 —,Global Governance,,International Studies,,
POLS 282 —,American Foreign Policy,,International Studies,,
POLS 284 —,Human Rights,,International Studies,,
POLS 287 —,Humanitarianism,,International Studies,,
POLS 288 —,Politics of Globalization,,International Studies,,
POLS 289 —,International Law,,International Studies,,
POLS 290 —,National Security Policy,,International Studies,,
POLS 299-S08 —,War and Peace in the History of Political Thought,,International Studies,,
POLS 299-S09 —,Chinese Politics & Society,,International Studies,,
POLS 299-S10 —,International Politics and Martial Arts,,International Studies,,
POLS 299-S11 —,Global Energy Politics,,International Studies,,
POLS 299-S13 —,Pan-Africanism and the African Union,,International Studies,,
POLS 299-S15 —,US Foreign Policy in Latin America,,International Studies,,
POLS 333 —,Ethics and International Relations,,International Studies,,
POLS 335 —,"International Catastrophe, Confrontation, and Compromise",,International Studies,,
POLS 337 —,Refugees,,International Studies,,
POLS 342 —,European Political Parties,,International Studies,,
RELS 103 —,Race and Religion,,International Studies,,
RELS 106 —,Buddhism,,International Studies,,
RELS 107 —,Islam,,International Studies,,
RELS 108 —,Hinduism,,International Studies,,
RELS 124 —,Theology of Protest,,International Studies,,
RELS 147 —,Judaism,,International Studies,,
RELS 206 —,Liberation Theology,,International Studies,,
RELS 216 —,Readings: Asian Sacred Texts,,International Studies,,
RELS 270 —,The Quran,,International Studies,,
RELS 279 —,Religion and Violence,,International Studies,,
RELS 290 —,Teología Andina,,International Studies,,
RELS 311 —,Zen Buddhism,,International Studies,,
RELS 315 —,Islamic Philosophy & Theology,,International Studies,,
RELS 327 —,Holocaust: Confronting Evil,,International Studies,,
RUSS 258 —,Russian Cinema,,International Studies,,
RUSS 299-F04 —,The Double Life of Soviet Culture,,International Studies,,
SOCL 210 —,Consumer & Corp Sustainability,,International Studies,,
SOCL 222 —,Global Antiracism,,International Studies,,
SOCL 251 —,Womxn of Color Feminism,,International Studies,,
SOCL 280 —,Global Culture & Society,,International Studies,,
SOCL 281 —,Sociology of Travel & Tourism,,International Studies,,
SPAN 303 —,Aspects of Spanish Culture,,International Studies,,
SPAN 421 —,Spanish Film and Literature,,International Studies,,
STWL 235 —,Topics in African Cinema,,International Studies,,
MATH 110 —,Topics In Mathematics,,Mathematics and Computer Science,,
MATH 123 —,Discrete Mathematics,,Mathematics and Computer Science,,
MATH 133 —,Calculus 1 with Fundamentals,,Mathematics and Computer Science,,
MATH 135 —,Calculus 1,,Mathematics and Computer Science,,
MATH 136 —,Calculus 2,,Mathematics and Computer Science,,
MATH 199-F01 —,Calculus 1 with Modeling,,Mathematics and Computer Science,,
MATH 241 —,Multivariable Calculus,,Mathematics and Computer Science,,
MATH 243 —,Mathematical Structures,,Mathematics and Computer Science,,
MATH 244 —,Linear Algebra,,Mathematics and Computer Science,,
MATH 301 —,Topics In Geometry,,Mathematics and Computer Science,,
MATH 302 —,Differential Geometry,,Mathematics and Computer Science,,
MATH 303 —,Mathematical Models,,Mathematics and Computer Science,,
MATH 304 —,Ordinary Differential Equations,,Mathematics and Computer Science,,
MATH 305 —,Complex Analysis,,Mathematics and Computer Science,,
MATH 351 —,Modern Algebra 1,,Mathematics and Computer Science,,
MATH 352 —,Modern Algebra 2,,Mathematics and Computer Science,,
MATH 353 —,Number Theory,,Mathematics and Computer Science,,
MATH 357 —,Combinatorics,,Mathematics and Computer Science,,
MATH 361 —,Real Analysis 1,,Mathematics and Computer Science,,
MATH 362 —,Real Analysis 2,,Mathematics and Computer Science,,
MATH 363 —,Topics In Topology,,Mathematics and Computer Science,,
MATH 371 —,Methods of Numerical Analysis,,Mathematics and Computer Science,,
MATH 373 —,Partial Differential Equations,,Mathematics and Computer Science,,
MATH 374 —,Dynamical Systems,,Mathematics and Computer Science,,
MATH 392 —,Seminar,,Mathematics and Computer Science,,
MATH 400 —,Directed Reading,,Mathematics and Computer Science,,
MATH 410 —,Directed Project,,Mathematics and Computer Science,,
MATH 495 —,Mathematics Honors Thesis,,Mathematics and Computer Science,,
MATH 496 —,Mathematics Honors Thesis,,Mathematics and Computer Science,,
STAT 120 —,Statistical Reasoning,,Mathematics and Computer Science,,
STAT 130 —,Introduction to Data Science,,Mathematics and Computer Science,,
STAT 199-F01 —,Introduction to Programming in Python,,Mathematics and Computer Science,,
STAT 200 —,Tutorial,,Mathematics and Computer Science,,
STAT 220 —,Statistics,,Mathematics and Computer Science,,
STAT 225 —,Experimental Design,,Mathematics and Computer Science,,
STAT 226 —,Bayesian Statistics,,Mathematics and Computer Science,,
STAT 231 —,Linear Models,,Mathematics and Computer Science,,
STAT 232 —,Categorical Data Analysis,,Mathematics and Computer Science,,
STAT 280 —,Computational Statistics,,Mathematics and Computer Science,,
STAT 375 —,Probability Theory,,Mathematics and Computer Science,,
STAT 376 —,Statistical Inference,,Mathematics and Computer Science,,
STAT 380 —,Statistical Computing,,Mathematics and Computer Science,,
STAT 381 —,Statistical Learning,,Mathematics and Computer Science,,
STAT 382 —,Causal Inference,,Mathematics and Computer Science,,
STAT 392 —,Seminar,,Mathematics and Computer Science,,
STAT 400 —,Directed Reading,,Mathematics and Computer Science,,
STAT 410 —,Directed Project,,Mathematics and Computer Science,,
CSCI 131 —,Techniques of Programming,,Mathematics and Computer Science,,
CSCI 132 —,Data Structures,,Mathematics and Computer Science,,
CSCI 135 —,Discrete Structures,,Mathematics and Computer Science,,
CSCI 202 —,Advanced Java and Object Oriented Programming,,Mathematics and Computer Science,,
CSCI 204 —,Software Engineering,,Mathematics and Computer Science,,
CSCI 220 —,Software Development and Operations,,Mathematics and Computer Science,,
CSCI 226 —,Computer Systems & Organization,,Mathematics and Computer Science,,
CSCI 235 —,Analysis of Algorithms,,Mathematics and Computer Science,,
CSCI 307 —,Data Mining,,Mathematics and Computer Science,,
CSCI 324 —,Programming Languages: Design and Implementation,,Mathematics and Computer Science,,
CSCI 325 —,Computer Security,,Mathematics and Computer Science,,
CSCI 327 —,Databases,,Mathematics and Computer Science,,
CSCI 328 —,Ethical Issues in Computer Science,,Mathematics and Computer Science,,
CSCI 335 —,Advanced Algorithms,,Mathematics and Computer Science,,
CSCI 343 —,Computer Graphics,,Mathematics and Computer Science,,
CSCI 345 —,Theory Of Computation,,Mathematics and Computer Science,,
CSCI 346 —,Operating Systems,,Mathematics and Computer Science,,
CSCI 347 —,Artificial Intelligence,,Mathematics and Computer Science,,
CSCI 356 —,Computer Networking,,Mathematics and Computer Science,,
CSCI 357 —,Machine Learning,,Mathematics and Computer Science,,
CSCI 363 —,Computational Vision & Hearing,,Mathematics and Computer Science,,
CSCI 364 —,Compiler Construction,,Mathematics and Computer Science,,
CSCI 399-S02 —,Network Science,,Mathematics and Computer Science,,
CSCI 400 —,Directed Reading,,Mathematics and Computer Science,,
CSCI 410 —,Directed Project,,Mathematics and Computer Science,,
CSCI 495 —,Computer Science Honors Thesis,,Mathematics and Computer Science,,
CSCI 496 —,Computer Science Honors Thesis,,Mathematics and Computer Science,,
MUSC 101 —,Introduction To Music,,Music,,
MUSC 103 —,Music Fundamentals,,Music,,
MUSC 105 —,Individual Instruction,,Music,,
MUSC 106 —,Individual Instruction,,Music,,
MUSC 107 —,Individual Instruction,,Music,,
MUSC 108 —,Individual Instruction,,Music,,
MUSC 110 —,College Choir,,Music,,
MUSC 111 —,Orchestra,,Music,,
MUSC 112 —,Jazz Ensemble,,Music,,
MUSC 113 —,Wind Ensemble,,Music,,
MUSC 114 —,Chamber Music,,Music,,
MUSC 115 —,Chamber Singers,,Music,,
MUSC 116 —,Jazz Combo,,Music,,
MUSC 117 —,Chapel Choir,,Music,,
MUSC 121 —,Intro to Audio Recording,,Music,,
MUSC 133 —,Global Music History,,Music,,
MUSC 140 —,Song Through the Ages,,Music,,
MUSC 141 —,From Opera to Broadway,,Music,,
MUSC 142 —,American Popular Song,,Music,,
MUSC 143 —,History of Rock,,Music,,
MUSC 146 —,Introduction to Irish Penny Whistle,,Music,,
MUSC 150 —,American Music,,Music,,
MUSC 155 —,Musics Of Latin America,,Music,,
MUSC 162 —,Global Pop,,Music,,
MUSC 197 —,Music of Peace and Conflict,,Music,,
MUSC 199-S03 —,Studying Music in Culture,,Music,,
MUSC 199-S04 —,Irish Music & Dance in Boston: Exploring a Cultural Legacy,,Music,,
MUSC 199-S05 —,Introduction to Songwriting,,Music,,
MUSC 199-S06 —,Music in Shakespeare's World,,Music,,
MUSC 199-S07 —,Sound Design for Theatre & Film,,Music,,
MUSC 201 —,Music Theory 1,,Music,,
MUSC 202 —,Music Theory 1 Lab,,Music,,
MUSC 203 —,Music Theory 2,,Music,,
MUSC 204 —,Music Theory 2 Lab,,Music,,
MUSC 205 —,Individual Instruction,,Music,,
MUSC 206 —,Individual Instruction,,Music,,
MUSC 207 —,Individual Instruction,,Music,,
MUSC 208 —,Individual Instruction,,Music,,
MUSC 211 —,History of Western Music 1,,Music,,
MUSC 212 —,History of Western Music 2,,Music,,
MUSC 218 —,Jazz Improvisation 1,,Music,,
MUSC 219 —,Jazz/ Improvisation 2,,Music,,
MUSC 221 —,Beats of the Black Atlantic,,Music,,
MUSC 225 —,Tutorial,,Music,,
MUSC 228 —,Music & the Jesuits,,Music,,
MUSC 231 —,Music Of Bali-Gamelan 1,,Music,,
MUSC 232 —,Music Of Bali-Gamelan 2,,Music,,
MUSC 236 —,From Blues to Rap,,Music,,
MUSC 238 —,Musical Cultures of Brazil,,Music,,
MUSC 241 —,Intro to Electroacoustic Music,,Music,,
MUSC 242 —,Topics in Computer Music,,Music,,
MUSC 251 —,Digital Media for Musicians,,Music,,
MUSC 259 —,"Music, Performance, Community",,Music,,
MUSC 260 —,Gregorian Chant,,Music,,
MUSC 265 —,Music of the 20th Century,,Music,,
MUSC 275 —,Symphony,,Music,,
MUSC 284 —,Beethoven and His World,,Music,,
MUSC 299-F01 —,Music Production for Songwriters,,Music,,
MUSC 299-F04 —,"Empire Reimagined: Music, Movement & Memory",,Music,,
MUSC 305 —,Music Theory 3,,Music,,
MUSC 306 —,Adv. Topics in Music Analysis,,Music,,
MUSC 315 —,Advanced Topics in Music History,,Music,,
MUSC 325 —,Tutorial,,Music,,
MUSC 331 —,Intermediate Performance 1,,Music,,
MUSC 332 —,Intermediate Performance 2,,Music,,
MUSC 383 —,Mozart and His World,,Music,,
MUSC 390 —,Music & Gay Rights,,Music,,
MUSC 399-F03 —,Music and Anti-Racism,,Music,,
MUSC 400 —,Junior/Senior Seminar,,Music,,
MUSC 425 —,Tutorial,,Music,,
MUSC 431 —,Advanced Performance 1,,Music,,
MUSC 432 —,Advanced Performance 2,,Music,,
NAVL 100 —,Naval Science Lab,,Naval Science,,
NAVL 111 —,Introduction to Naval Science,,Naval Science,,
NAVL 112 —,Naval Engineering,,Naval Science,,
NAVL 113 —,Naval Weapon Systems,,Naval Science,,
NAVL 114 —,Sea Power,,Naval Science,,
NAVL 141 —,Navigation,,Naval Science,,
NAVL 142 —,Naval Operations,,Naval Science,,
NAVL 145 —,Evolution Of Warfare,,Naval Science,,
NAVL 151 —,Leadership & Management,,Naval Science,,
NAVL 155 —,Fundamentals of Maneuver Warfare,,Naval Science,,
NAVL 190 —,Tutorial,,Naval Science,,
NAVL 246 —,Marine Corps Leadership,,Naval Science,,
NAVL 352 —,Leadership and Ethics,,Naval Science,,
NEUR 110 —,Introduction to Neuroscience,,Neuroscience,,
NEUR 210 —,Neuroethology with Physics,,Neuroscience,,
NEUR 220 —,Neural Circuits & Systems,,Neuroscience,,
NEUR 299-F01 —,Behavioral Neuroendocrinology,,Neuroscience,,
NEUR 310 —,History & Theory of Neuroscience,,Neuroscience,,
NEUR 320 —,The Other Half of the Brain: Glial Cells,,Neuroscience,,
NEUR 350 —,Human Electrophysiology,,Neuroscience,,
NEUR 399-F02 —,Neurobiology of Social Behavior,,Neuroscience,,
NEUR 399-F03 —,Neurodiversity in the Animal Kingdom,,Neuroscience,,
NEUR 480 —,Research Projects,,Neuroscience,,
NEUR 499-F01 —,Neurogenomics Research Lab: Genes to Cell Types,,Neuroscience,,
PHIL 110 —,Philosophical Inquiries,,Philosophy,,
PHIL 111 —,Intro to Africana Philosophy,,Philosophy,,
PHIL 199-F01 —,Socrates and the Smartphone,,Philosophy,,
PHIL 201 —,Metaphysics,,Philosophy,,
PHIL 204 —,Ethics,,Philosophy,,
PHIL 207 —,Foundations Of Ethics,,Philosophy,,
PHIL 209 —,Theory Of Knowledge,,Philosophy,,
PHIL 215 —,Symbolic Logic,,Philosophy,,
PHIL 223 —,Trauma & The Troubled Mind: The Ethics of Trauma,,Philosophy,,
PHIL 224 —,Contemporary Continental Phil,,Philosophy,,
PHIL 225 —,Ancient Philosophy,,Philosophy,,
PHIL 227 —,Philosophy of Race,,Philosophy,,
PHIL 228 —,The Ethics of Aristotle & Aquinas,,Philosophy,,
PHIL 230 —,Medieval Philosophy,,Philosophy,,
PHIL 235 —,Early Modern Philosophy,,Philosophy,,
PHIL 241 —,Modern Philosophy,,Philosophy,,
PHIL 242 —,Logic & Language,,Philosophy,,
PHIL 243 —,American Philosophy,,Philosophy,,
PHIL 244 —,20th Century Philosophy,,Philosophy,,
PHIL 245 —,Phenomenology,,Philosophy,,
PHIL 246 —,Philosophy & Literature,,Philosophy,,
PHIL 247 —,Environmental Political Philosophy,,Philosophy,,
PHIL 248 —,Existentialism,,Philosophy,,
PHIL 249 —,Environmental Ethics,,Philosophy,,
PHIL 250 —,Medical Ethics,,Philosophy,,
PHIL 252 —,Process Philosophy,,Philosophy,,
PHIL 253 —,Indian Philosophy,,Philosophy,,
PHIL 260 —,Philosophy Of Art,,Philosophy,,
PHIL 261 —,Philosophy Of Mind,,Philosophy,,
PHIL 263 —,The Art of Living,,Philosophy,,
PHIL 264 —,Philosophy Of History,,Philosophy,,
PHIL 265 —,Political Philosophy,,Philosophy,,
PHIL 267 —,Contemporary Political Philosophy,,Philosophy,,
PHIL 269 —,Philosophy Of Law,,Philosophy,,
PHIL 271 —,Philosophy of Science,,Philosophy,,
PHIL 272 —,Philosophy Of Biology,,Philosophy,,
PHIL 273 —,Philosophy Of Medicine,,Philosophy,,
PHIL 274 —,Philosophical Anthropology,,Philosophy,,
PHIL 275 —,Social Philosophy of Modernity,,Philosophy,,
PHIL 277 —,Feminism,,Philosophy,,
PHIL 282 —,Philosophy Of Religion,,Philosophy,,
PHIL 284 —,Phil Foundations - Catholicism,,Philosophy,,
PHIL 289 —,Ethical Issues/Death & Dying,,Philosophy,,
PHIL 299-F04 —,Indian Philosophy,,Philosophy,,
PHIL 299-F05 —,Philosophy of AI,,Philosophy,,
PHIL 299-F06 —,Democracy and Its Discontents,,Philosophy,,
PHIL 299-S01 —,Hellenistic Philosophy,,Philosophy,,
PHIL 299-S02 —,Free Speech and Deliberation,,Philosophy,,
PHIL 299-S04 —,Philosophy in the Islamic World,,Philosophy,,
PHIL 300 —,Emotion and Reason: East & West,,Philosophy,,
PHIL 301 —,Moral Psychology,,Philosophy,,
PHIL 302 —,Corporate Moral Agency,,Philosophy,,
PHIL 307 —,Metaphysics & Natural Science,,Philosophy,,
PHIL 309 —,Approaches to Medical Ethics,,Philosophy,,
PHIL 311 —,The Nature of Morality,,Philosophy,,
PHIL 316 —,Problems In Aesthetics,,Philosophy,,
PHIL 320 —,Self-Realization & Transcendence,,Philosophy,,
PHIL 332 —,Problems in Phenomenology,,Philosophy,,
PHIL 335 —,Philosophical Naturalism,,Philosophy,,
PHIL 354 —,Plato,,Philosophy,,
PHIL 362 —,Augustine,,Philosophy,,
PHIL 375 —,Hegel,,Philosophy,,
PHIL 380 —,Nietzsche,,Philosophy,,
PHIL 398 —,"Soren Kierkegaard: Reading, Believing, Loving",,Philosophy,,
PHIL 399-F02 —,Social Pathology of Modernity,,Philosophy,,
PHIL 399-S02 —,God and the Problem of Evil,,Philosophy,,
PHIL 400 —,Tutorial,,Philosophy,,
PHIL 494 —,Honors Thesis,,Philosophy,,
PHIL 495 —,Honors Thesis,,Philosophy,,
PHYS 100 —,Topics in Physics,,Physics,,
PHYS 101 —,Introduction To Astronomy,,Physics,,
PHYS 115 —,"Introductory Physics 1: Mechanics, Fluids and Waves",,Physics,,
PHYS 116 —,"Introductory Physics 2: Electromagnetism, Optics and Modern Physics",,Physics,,
PHYS 146 —,The Physics of Energy,,Physics,,
PHYS 221 —,Mathematical Methods and Scientific Computing in Physics,,Physics,,
PHYS 223 —,Modern Physics,,Physics,,
PHYS 225 —,Modern Physics Lab,,Physics,,
PHYS 232 —,Experimental Optics,,Physics,,
PHYS 235 —,Experimental Electronics,,Physics,,
PHYS 255 —,Quantum Computing,,Physics,,
PHYS 275 —,Intermediate Topics in Physics,,Physics,,
PHYS 342 —,Classical Mechanics,,Physics,,
PHYS 344 —,Thermal Physics,,Physics,,
PHYS 351 —,Electromagnetic Theory,,Physics,,
PHYS 353 —,Quantum Mechanics,,Physics,,
PHYS 355 —,Introduction To Astrophysics,,Physics,,
PHYS 461 —,Independent Study,,Physics,,
PHYS 471 —,Undergraduate Research,,Physics,,
PHYS 472 —,Undergraduate Research,,Physics,,
POLS 100 —,Principles of American Government,,Political Science,,
POLS 101 —,Introduction to Political Philosophy,,Political Science,,
POLS 110 —,Race and Ethnicity Politics,,Political Science,,
POLS 201 —,Constitutional Law: National Powers,,Political Science,,
POLS 202 —,Constitutional Law: Rights & Liberties,,Political Science,,
POLS 203 —,Race and Gender in Politics,,Political Science,,
POLS 204 —,Performing Research in Political Science,,Political Science,,
POLS 206 —,Public Policy,,Political Science,,
POLS 207 —,American Presidency,,Political Science,,
POLS 208 —,Congress and the Legislative Process,,Political Science,,
POLS 209 —,National Security Enterprise,,Political Science,,
POLS 211 —,The Policymaking Process,,Political Science,,
POLS 212 —,Politics of U.S. Immigration,,Political Science,,
POLS 214 —,Presidential Selection,,Political Science,,
POLS 216 —,Democratization and Women's Rights,,Political Science,,
POLS 218 —,Political Parties and Interest Groups,,Political Science,,
POLS 220 —,Capitalism in Crisis,,Political Science,,
POLS 222 —,Trial and Death of Socrates,,Political Science,,
POLS 227 —,Classical Political Philosophy,,Political Science,,
POLS 228 —,Modern Political Philosophy,,Political Science,,
POLS 232 —,Machiavelli's Politics,,Political Science,,
POLS 233 —,American Political Thought 1,,Political Science,,
POLS 234 —,American Political Thought 2,,Political Science,,
POLS 236 —,"Science, Technology & Politics",,Political Science,,
POLS 238 —,Government & Business,,Political Science,,
POLS 244 —,Plutarch's Politics,,Political Science,,
POLS 245 —,American Political Development,,Political Science,,
POLS 251 —,Latin American Politics,,Political Science,,
POLS 252 —,The Politics of Post-Communism,,Political Science,,
POLS 284C —,Human Rights CBL,,Political Science,,
POLS 286 —,Comparative Environmental Policy,,Political Science,,
POLS 299-F05 —,Race & Empire in Global Political Thought,,Political Science,,
POLS 299-F06 —,Religion in American Politics,,Political Science,,
POLS 299-F07 —,Thinking in Crisis,,Political Science,,
POLS 299-F08 —,Statesmanship in Liberal Democracy,,Political Science,,
POLS 299-F09 —,Technology in Global Politics,,Political Science,,
POLS 299-S06 —,"Health, Race, & Public Policy in the U.S.",,Political Science,,
POLS 299-S12 —,Latine Politics in the US,,Political Science,,
POLS 299-S14 —,"Race, Inequality, and Social Policy",,Political Science,,
POLS 299-S17 —,News Media and Public Opinion,,Political Science,,
POLS 299-S18 —,"Global China: Power, Norms, and International Order",,Political Science,,
POLS 300 —,"Law, Politics & Society",,Political Science,,
POLS 301 —,Politics and Technology,,Political Science,,
POLS 302 —,Political Philosophy and the People,,Political Science,,
POLS 314 —,Political Philosophy & Education,,Political Science,,
POLS 316 —,Nietzsche and Modernity,,Political Science,,
POLS 318 —,Pol Phil & Greek Tragedy,,Political Science,,
POLS 360 —,"Women, War, and Violence",,Political Science,,
POLS 399-F01 —,Social Capital and Democracy,,Political Science,,
POLS 451 —,Tutorial,,Political Science,,
POLS 490 —,Political Science Honors Thesis,,Political Science,,
POLS 491 —,Political Science Honors Thesis,,Political Science,,
PSYC 100 —,Introduction To Psychology,,Psychology,,
PSYC 200 —,Statistics,,Psychology,,
PSYC 201 —,Research Methods,,Psychology,,
PSYC 214 —,Life-Span Development,,Psychology,,
PSYC 221 —,Physiology and Behavior,,Psychology,,
PSYC 222 —,Sensation & Perception,,Psychology,,
PSYC 223 —,Animal Learning,,Psychology,,
PSYC 225 —,Developmental Psychology,,Psychology,,
PSYC 225C —,Development Psychology CBL,,Psychology,,
PSYC 226 —,Personality and the Life Story,,Psychology,,
PSYC 227 —,Social Psychology,,Psychology,,
PSYC 228 —,Psychology of Adolescence,,Psychology,,
PSYC 228C —,Psychology of Adolescence CBL,,Psychology,,
PSYC 229 —,Psychopathology,,Psychology,,
PSYC 232 —,Developmental Science & Educ,,Psychology,,
PSYC 235 —,Cognitive Neuroscience,,Psychology,,
PSYC 236 —,Cognition & Memory,,Psychology,,
PSYC 237 —,Psychology of Language,,Psychology,,
PSYC 238 —,Judgment and Decision Making,,Psychology,,
PSYC 239 —,Psychology & Aging,,Psychology,,
PSYC 241 —,Cultural Psychology,,Psychology,,
PSYC 244 —,Health Psychology,,Psychology,,
PSYC 249 —,"People, Power, & Politics",,Psychology,,
PSYC 254 —,Psychology and Law,,Psychology,,
PSYC 256 —,Animal Minds,,Psychology,,
PSYC 267 —,Motivation and Goal Pursuit,,Psychology,,
PSYC 270 —,Leadership and the Common Good,,Psychology,,
PSYC 285 —,Social Oppression and Change,,Psychology,,
PSYC 299-F05 —,Psychology of Misinformation,,Psychology,,
PSYC 299-F06 —,Gender Psychology,,Psychology,,
PSYC 299-F07 —,Evolution and Animal Behavior,,Psychology,,
PSYC 299-S02 —,Asian American Psychology,,Psychology,,
PSYC 305 —,History & Theory,,Psychology,,
PSYC 314 —,"Science, Medicine & the Holocaust",,Psychology,,
PSYC 315 —,Biology of Mental Disorders,,Psychology,,
PSYC 316 —,Drug Abuse: Brain and Behavior,,Psychology,,
PSYC 321 —,Neuroanatomy & Behavior,,Psychology,,
PSYC 326 —,Cognition Across Cultures,,Psychology,,
PSYC 327 —,Predictive Coding in the Brain,,Psychology,,
PSYC 328 —,Adolescent Health,,Psychology,,
PSYC 328C —,Adolescent Health CBL,,Psychology,,
PSYC 329 —,Advanced Research: Conceptual Development,,Psychology,,
PSYC 330 —,Cross-Cultural Perspectives on Human Development,,Psychology,,
PSYC 332 —,Processes in Psychotherapy,,Psychology,,
PSYC 334 —,Eating and Its Disorders,,Psychology,,
PSYC 337 —,Substance Use and Recovery,,Psychology,,
PSYC 337C —,"Substance Use, Misuse & Abuse CBL",,Psychology,,
PSYC 338 —,Consciousness & Control,,Psychology,,
PSYC 342 —,Seminar: Gender-Role Development,,Psychology,,
PSYC 350 —,Intervention and Social Change,,Psychology,,
PSYC 353 —,Seminar: Language Thought and Culture,,Psychology,,
PSYC 354 —,Psychology of Stigma,,Psychology,,
PSYC 355 —,Seminar: Resilience and Development,,Psychology,,
PSYC 356 —,Animal Cognition,,Psychology,,
PSYC 362 —,Cognitive Neuropsychiatry,,Psychology,,
PSYC 363 —,Psychology & Economic Behavior,,Psychology,,
PSYC 364 —,Psychopathology In Cinema,,Psychology,,
PSYC 370 —,Mindfulness Meditation Prayer,,Psychology,,
PSYC 380 —,Investigating and Enhancing Motivation in the Classroom,,Psychology,,
PSYC 398 —,"Development in Context: The Impact of Race, Class, & Gender",,Psychology,,
PSYC 399-F04 —,Advanced Research: Concepts of Nature,,Psychology,,
PSYC 399-F05 —,Close Relationships,,Psychology,,
PSYC 399-F06 —,Project-based Course: Avian Cognition,,Psychology,,
PSYC 399-S08 —,"Modes of Communication: Language, Gesture, and Emoji",,Psychology,,
PSYC 399-S09 —,"Migration, Identity, Belonging",,Psychology,,
PSYC 399-S10 —,Psychology of Poverty & Social Class,,Psychology,,
PSYC 399-S11 —,Rethinking Psychological Foundations,,Psychology,,
PSYC 399-S12 —,Advanced Research: Reimagining the Imagination,,Psychology,,
PSYC 399-S13 —,Comparative Cognition,,Psychology,,
PSYC 399-S14 —,Advanced Research: Adolescent Substance Use,,Psychology,,
PSYC 399C —,Community Psychology CBL,,Psychology,,
PSYC 470 —,Directed Readings,,Psychology,,
PSYC 480 —,Research Projects,,Psychology,,
RELS 101 —,Intro to the Comparative Study of Religion,,Religious Studies,,
RELS 102 —,Mary in Christian Theology,,Religious Studies,,
RELS 112 —,Christian Martyrdom,,Religious Studies,,
RELS 114 —,Introduction To Theology,,Religious Studies,,
RELS 115 —,Angels and Demons,,Religious Studies,,
RELS 116 —,Catholicism,,Religious Studies,,
RELS 117 —,History Of Christianity 1,,Religious Studies,,
RELS 118 —,New Testament,,Religious Studies,,
RELS 119 —,History Of Christianity 2,,Religious Studies,,
RELS 120 —,Comparative Religions/World View,,Religious Studies,,
RELS 121 —,Saints and Sinners Around the World,,Religious Studies,,
RELS 126 —,Hebrew Bible/Old Testament,,Religious Studies,,
RELS 133 —,Contemp Catholic Spirituality,,Religious Studies,,
RELS 139 —,Understanding Jesus,,Religious Studies,,
RELS 141 —,Contemporary Christian Morality,,Religious Studies,,
RELS 143 —,Christian Social Ethics,,Religious Studies,,
RELS 149 —,Judaism in the Time of Jesus,,Religious Studies,,
RELS 165 —,Ancient and Medieval Hinduism,,Religious Studies,,
RELS 170 —,The Worlds of C. S. Lewis,,Religious Studies,,
RELS 179 —,Introduction to Global Catholicism,,Religious Studies,,
RELS 184 —,Theology & Art,,Religious Studies,,
RELS 190 —,History of the Early Church,,Religious Studies,,
RELS 192 —,Political Theology,,Religious Studies,,
RELS 199-F09 —,Intro to Political Theology,,Religious Studies,,
RELS 199-F12 —,Buddha's Life in Text & Image,,Religious Studies,,
RELS 199-F13 —,Intro to East Asian Religions,,Religious Studies,,
RELS 199-F14 —,Deaf and Disability Theology,,Religious Studies,,
RELS 199-F15 —,Religion and the Marginalized in India,,Religious Studies,,
RELS 199-S09 —,Chinese Religious Traditions,,Religious Studies,,
RELS 199-S10 —,Afro-Caribbean Religions,,Religious Studies,,
RELS 199-S11 —,Vatican II: Papal Reception and Witness,,Religious Studies,,
RELS 199-S12 —,Religion in Asian Popular Culture,,Religious Studies,,
RELS 204 —,Early Christian Monasticism,,Religious Studies,,
RELS 205 —,God: A Love Story,,Religious Studies,,
RELS 207 —,Theology of Freedom,,Religious Studies,,
RELS 215 —,Defense Against the Dark Arts,,Religious Studies,,
RELS 217 —,Eucharist/History & Theology,,Religious Studies,,
RELS 218 —,Christian Sacraments,,Religious Studies,,
RELS 219 —,Christian Prayer in Theory and Practice,,Religious Studies,,
RELS 221 —,Women In Early Christianity,,Religious Studies,,
RELS 225 —,"Love, Friendship and Catholicism",,Religious Studies,,
RELS 229 —,Walking with Paul,,Religious Studies,,
RELS 230 —,Theological Perspectives on Medical Ethics,,Religious Studies,,
RELS 233 —,Households& Early Christianity,,Religious Studies,,
RELS 234 —,Conflicts in the Church,,Religious Studies,,
RELS 238 —,Christian Ethics and Mental Illness,,Religious Studies,,
RELS 241 —,"Scripture and Script: The Bible and Contemporary Art, Media and Literature",,Religious Studies,,
RELS 242 —,"Sex, Gender & the Hebrew Bible",,Religious Studies,,
RELS 243 —,Theology Of The New Testament,,Religious Studies,,
RELS 255 —,Ecology & Religion,,Religious Studies,,
RELS 260 —,Comparative Mysticism & Human Ecology,,Religious Studies,,
RELS 276 —,Comparative Catholicisms,,Religious Studies,,
RELS 277 —,Modern Religious Movements,,Religious Studies,,
RELS 284 —,"Sex, Money, Power & the Bible",,Religious Studies,,
RELS 285 —,Jesuit Spirituality,,Religious Studies,,
RELS 287 —,Early Christian Preaching,,Religious Studies,,
RELS 291 —,"God, Race, and Imagination",,Religious Studies,,
RELS 292 —,Medieval Christianity,,Religious Studies,,
RELS 294 —,Sexual Justice: Social Ethics,,Religious Studies,,
RELS 295 —,Un tal Jesus,,Religious Studies,,
RELS 296 —,Religion and Asian America,,Religious Studies,,
RELS 298 —,African Americans and the Bible,,Religious Studies,,
RELS 299-F08 —,"Race, Sex, & Theology",,Religious Studies,,
RELS 299-F09 —,Global Decolonial Theologies,,Religious Studies,,
RELS 299-F10 —,Early Christian Worship: Ritual and Space in the Early Church,,Religious Studies,,
RELS 299-F11 —,Bible With and Without Jesus,,Religious Studies,,
RELS 299-S04 —,"War, Prisons, & Immigration",,Religious Studies,,
RELS 299-S08 —,Black Feminist & Womanist Theology,,Religious Studies,,
RELS 299-S11 —,Th.REL-FreshStart Christianity,,Religious Studies,,
RELS 299-S12 —,"Edith Stein: Philosopher, Feminist, and Saint",,Religious Studies,,
RELS 299-S13 —,Religious Worlds of Cuba,,Religious Studies,,
RELS 300 —,Ethics of Work & Family,,Religious Studies,,
RELS 302 —,Challenge of Happiness,,Religious Studies,,
RELS 303 —,Theology & Science Fiction,,Religious Studies,,
RELS 304 —,Land and Creation,,Religious Studies,,
RELS 306 —,"American Civil Religion, Racism, and Film",,Religious Studies,,
RELS 312 —,Theravada Buddhism,,Religious Studies,,
RELS 313 —,HIV/AIDS and Ethics,,Religious Studies,,
RELS 314 —,Everyday Ethics,,Religious Studies,,
RELS 329 —,Messiahs and Worlds to Come,,Religious Studies,,
RELS 333 —,Comparative Theology,,Religious Studies,,
RELS 340 —,Gardens & World Religions,,Religious Studies,,
RELS 355 —,Purity and Filth,,Religious Studies,,
RELS 357 —,Modern Catholic Theology,,Religious Studies,,
RELS 360 —,Theology of Thomas Aquinas,,Religious Studies,,
RELS 395 —,Nature and Animals in the Bible,,Religious Studies,,
RELS 399-S01 —,Liturgy and Culture,,Religious Studies,,
RELS 411 —,Tutorial,,Religious Studies,,
SOCL 101 —,The Sociological Perspective,,Sociology and Anthropology,,
SOCL 203 —,Race & Power,,Sociology and Anthropology,,
SOCL 205 —,Social Class & Power,,Sociology and Anthropology,,
SOCL 206 —,Sociology of Poverty,,Sociology and Anthropology,,
SOCL 213 —,"Race, Crime, and Justice",,Sociology and Anthropology,,
SOCL 219 —,"Deviance, Normalcy & Control",,Sociology and Anthropology,,
SOCL 221 —,Social Change,,Sociology and Anthropology,,
SOCL 223 —,Logics of Inquiry,,Sociology and Anthropology,,
SOCL 226 —,Social Statistics,,Sociology and Anthropology,,
SOCL 232 —,"Race, Gender and Violence: From Black Lives Matter to MeToo",,Sociology and Anthropology,,
SOCL 236 —,Environmental Sociology,,Sociology and Anthropology,,
SOCL 238 —,Cities and Environment,,Sociology and Anthropology,,
SOCL 239 —,Environmental Racism,,Sociology and Anthropology,,
SOCL 241 —,Development of Social Theory,,Sociology and Anthropology,,
SOCL 247 —,Sociology of TV & Media,,Sociology and Anthropology,,
SOCL 256 —,Self & Society,,Sociology and Anthropology,,
SOCL 257 —,Aging & Society,,Sociology and Anthropology,,
SOCL 257C —,Aging & Society CBL,,Sociology and Anthropology,,
SOCL 261 —,Sociology Of Religion,,Sociology and Anthropology,,
SOCL 263 —,Medical Sociology,,Sociology and Anthropology,,
SOCL 269 —,Education and Society,,Sociology and Anthropology,,
SOCL 269C —,Education and Society CBL,,Sociology and Anthropology,,
SOCL 271 —,Families and Societies,,Sociology and Anthropology,,
SOCL 273 —,Transnational Feminisms,,Sociology and Anthropology,,
SOCL 277 —,Gender and Society,,Sociology and Anthropology,,
SOCL 284 —,Visual and Cultural Sociology,,Sociology and Anthropology,,
SOCL 299-F07 —,Sociology of Death and Dying,,Sociology and Anthropology,,
SOCL 299-S08 —,Sociology of Artificial Intelligence,,Sociology and Anthropology,,
SOCL 313 —,Freedoms & Unfreedoms,,Sociology and Anthropology,,
SOCL 323 —,"Race, Racism, and Whiteness",,Sociology and Anthropology,,
SOCL 350 —,(Precarious) Work,,Sociology and Anthropology,,
SOCL 351 —,"Artificial Intelligence (AI), Social Life & Society",,Sociology and Anthropology,,
SOCL 365 —,Illness Narratives,,Sociology and Anthropology,,
SOCL 370 —,Sociology of Trouble,,Sociology and Anthropology,,
SOCL 375 —,End of Life,,Sociology and Anthropology,,
SOCL 383 —,Utopian & Dystopian Worlds,,Sociology and Anthropology,,
SOCL 386 —,Global Sense of Home,,Sociology and Anthropology,,
SOCL 399-F08 —,Muslims in American Media and Pop Culture,,Sociology and Anthropology,,
SOCL 399-S05 —,"Death Positivity, White Femininity",,Sociology and Anthropology,,
SOCL 400 —,Tutorial,,Sociology and Anthropology,,
SOCL 490 —,Honors Colloquium,,Sociology and Anthropology,,
SOCL 491 —,Honors Colloquium,,Sociology and Anthropology,,
SOCL 492 —,Directed Honors Research,,Sociology and Anthropology,,
SOCL 493 —,Directed Honors Research,,Sociology and Anthropology,,
SOCL 494 —,Directed Research,,Sociology and Anthropology,,
SOCL 495 —,Directed Research,,Sociology and Anthropology,,
SOCL 496 —,Directed Readings,,Sociology and Anthropology,,
SOCL 497 —,Directed Readings,,Sociology and Anthropology,,
SOCL 498 —,Special Projects,,Sociology and Anthropology,,
ANTH 250 —,Arab Women's Worlds: Remapping Feminist Geographies,,Sociology and Anthropology,,
ANTH 254 —,Reproductive Justice,,Sociology and Anthropology,,
ANTH 255 —,Gender & Sexualities,,Sociology and Anthropology,,
ANTH 260 —,Medical Anthropology,,Sociology and Anthropology,,
ANTH 262 —,Anthropology Of Religion,,Sociology and Anthropology,,
ANTH 264 —,"Race, Racism and Anthropology",,Sociology and Anthropology,,
ANTH 267 —,Political Anthropology,,Sociology and Anthropology,,
ANTH 268C —,Economic Anthropology CBL,,Sociology and Anthropology,,
ANTH 277 —,Coming of Age at the Border,,Sociology and Anthropology,,
ANTH 288 —,Anthropology of Emotion,,Sociology and Anthropology,,
ANTH 299-S05 —,The Anthropology of Memory and Commemoration,,Sociology and Anthropology,,
ANTH 310 —,Ethnographic Field Methods,,Sociology and Anthropology,,
ANTH 320 —,Theory in Anthropology,,Sociology and Anthropology,,
ANTH 399-S02 —,Decolonizing Love,,Sociology and Anthropology,,
ANTH 400 —,Tutorial,,Sociology and Anthropology,,
ANTH 490 —,Honors Colloquium,,Sociology and Anthropology,,
ANTH 491 —,Honors Colloquium,,Sociology and Anthropology,,
ANTH 492 —,Directed Honors Research,,Sociology and Anthropology,,
ANTH 493 —,Directed Honors Research,,Sociology and Anthropology,,
ANTH 494 —,Directed Research,,Sociology and Anthropology,,
ANTH 495 —,Directed Research,,Sociology and Anthropology,,
ANTH 496 —,Directed Readings,,Sociology and Anthropology,,
ANTH 497 —,Directed Readings,,Sociology and Anthropology,,
ANTH 498 —,Special Projects,,Sociology and Anthropology,,
SPAN 100 —,Elements of Spanish,,Spanish,,
SPAN 101 —,Directed Independent Elementary Spanish 1,,Spanish,,
SPAN 102 —,Directed Independent Elementary Spanish 2,,Spanish,,
SPAN 103 —,Elementary Spanish Review,,Spanish,,
SPAN 108 —,Directed Independent Elementary Spanish Review,,Spanish,,
SPAN 200 —,Tutorial,,Spanish,,
SPAN 201 —,Intermediate Spanish 1,,Spanish,,
SPAN 202 —,Intermediate Spanish 2,,Spanish,,
SPAN 215 —,Directed Independent Intermediate Spanish 1,,Spanish,,
SPAN 216 —,Directed Independent Intermediate Spanish 2,,Spanish,,
SPAN 217 —,Direct Intensive Inter Spanish,,Spanish,,
SPAN 219 —,Directed Independent Medical Spanish,,Spanish,,
SPAN 301 —,Spanish Composition & Conversation,,Spanish,,
SPAN 302 —,Español para Hispanohablantes,,Spanish,,
SPAN 302C —,Español para Hispanohablantes CBL,,Spanish,,
SPAN 304 —,Aspects of Spanish-American Culture,,Spanish,,
SPAN 305 —,Intro to Textual Analysis,,Spanish,,
SPAN 308 —,Readings in Latin American Lit,,Spanish,,
SPAN 309 —,Readings in Spanish Literature,,Spanish,,
SPAN 312 —,Filmmaking in Spanish,,Spanish,,
SPAN 312C —,Filmmaking in Spanish CBL,,Spanish,,
SPAN 314 —,Spanish for Business,,Spanish,,
SPAN 317 —,"Health, Culture, and Social Justice in Lat Am",,Spanish,,
SPAN 317C —,"Health, Culture, and Social Justice",,Spanish,,
SPAN 318 —,Phonetics & Phonology,,Spanish,,
SPAN 319 —,Adv Oral Expression,,Spanish,,
SPAN 320 —,Spanish Grammar Through Translation,,Spanish,,
SPAN 322 —,Latin American Art,,Spanish,,
SPAN 322C —,Latin American Art CBL,,Spanish,,
SPAN 326 —,Foundations of Inclusive Spanish Language Teaching,,Spanish,,
SPAN 366 —,Creative Writing in Spanish,,Spanish,,
SPAN 399-S03 —,Brazil Uncovered,,Spanish,,
SPAN 399-S04 —,Environment & Culture in Latin/x America,,Spanish,,
SPAN 399C —,"Health, Culture, & Soc Just CBL",,Spanish,,
SPAN 400 —,Medieval Spanish Literature,,Spanish,,
SPAN 401 —,Early Modern Spanish Literature,,Spanish,,
SPAN 402 —,Don Quixote,,Spanish,,
SPAN 403 —,Depicting Spanish Modernity,,Spanish,,
SPAN 405 —,Modern Spanish-American Narrative,,Spanish,,
SPAN 406 —,Staging Spain,,Spanish,,
SPAN 407 —,Modern Span & Span-Amer Poetry,,Spanish,,
SPAN 409 —,Colonial Span Amer Literature,,Spanish,,
SPAN 413 —,Spanish in the U.S.,,Spanish,,
SPAN 414 —,Second Language Acquisition & Spanish,,Spanish,,
SPAN 415 —,Bilingualism in Spanish Speaking World,,Spanish,,
SPAN 415C —,Bilingualism in Spanish Speaking World CBL,,Spanish,,
SPAN 416 —,Body & Text: Gender in Spanish Literature,,Spanish,,
SPAN 420 —,Latin American Film,,Spanish,,
SPAN 422 —,Cultural History of Spanish Lang,,Spanish,,
SPAN 436 —,Federico García Lorca,,Spanish,,
SPAN 450 —,Latinidades in Literature & Pop Culture,,Spanish,,
SPAN 461 —,Female Voices in Modern and Contemporary Spain,,Spanish,,
SPAN 466 —,Writing the Short Story,,Spanish,,
SPAN 470 —,Global Iberian Race,,Spanish,,
SPAN 491 —,Tutorial,,Spanish,,
SPAN 492 —,Tutorial,,Spanish,,
SPAN 493 —,Fourth-Year Tutorial,,Spanish,,
DANC 111 —,Dance 1,,Theatre and Dance,,
DANC 121 —,Decolonizing Dance,,Theatre and Dance,,
DANC 131 —,Balinese Dance 1 - 2,,Theatre and Dance,,
DANC 151 —,Ballet 1 - 2,,Theatre and Dance,,
DANC 171 —,Hip Hop/Breaking 1-2,,Theatre and Dance,,
DANC 181 —,Contemporary Dance 1-2,,Theatre and Dance,,
DANC 191 —,Afro-Haitian Dance,,Theatre and Dance,,
DANC 199-S26 —,Dance and Technology,,Theatre and Dance,,
DANC 211 —,Choreography & Composition,,Theatre and Dance,,
DANC 212 —,Broadway Dance,,Theatre and Dance,,
DANC 232 —,Balinese Dance 3 - 4,,Theatre and Dance,,
DANC 252 —,Ballet 3 - 4,,Theatre and Dance,,
DANC 262 —,Body Stories,,Theatre and Dance,,
DANC 272 —,Hip Hop/Breaking 3-4,,Theatre and Dance,,
DANC 273 —,Street Styles,,Theatre and Dance,,
DANC 275 —,Hip Hop: Breakbeats and Moves,,Theatre and Dance,,
DANC 282 —,Contemporary Dance 3 - 4,,Theatre and Dance,,
DANC 310 —,Dance Performance,,Theatre and Dance,,
DANC 405 —,Performance Recital,,Theatre and Dance,,
THEA 101 —,Acting 1,,Theatre and Dance,,
THEA 110 —,Theatre Practicum 1,,Theatre and Dance,,
THEA 125 —,American Drama 1920 To Present,,Theatre and Dance,,
THEA 126 —,Asia on Stage,,Theatre and Dance,,
THEA 128 —,Rebels & Revolutionaries,,Theatre and Dance,,
THEA 134 —,Television Comedy,,Theatre and Dance,,
THEA 135 —,Comedy on Stage and Screen,,Theatre and Dance,,
THEA 136 —,"Horror Films, Sex & Gender",,Theatre and Dance,,
THEA 139 —,Great Film Actors,,Theatre and Dance,,
THEA 145 —,Queer Theatre,,Theatre and Dance,,
THEA 160 —,American Film,,Theatre and Dance,,
THEA 161 —,Theatre History,,Theatre and Dance,,
THEA 165 —,World Film,,Theatre and Dance,,
THEA 170 —,Modern Drama,,Theatre and Dance,,
THEA 172 —,Modern British Drama,,Theatre and Dance,,
THEA 199-F03 —,Middle Eastern Theatre & Film,,Theatre and Dance,,
THEA 199-S04 —,Movement 1,,Theatre and Dance,,
THEA 202 —,Voice In Acting 1,,Theatre and Dance,,
THEA 203 —,Advanced Acting,,Theatre and Dance,,
THEA 204 —,Singing for Broadway Stage 1,,Theatre and Dance,,
THEA 205 —,Speaking and Communication,,Theatre and Dance,,
THEA 210 —,Advanced Theatre Practicum,,Theatre and Dance,,
THEA 214 —,Singing for Broadway Stage 2,,Theatre and Dance,,
THEA 227 —,Scene Design,,Theatre and Dance,,
THEA 228 —,Lighting Design,,Theatre and Dance,,
THEA 230 —,Costume Design,,Theatre and Dance,,
THEA 240 —,Directing 1,,Theatre and Dance,,
THEA 263 —,Selected American Film Artists,,Theatre and Dance,,
THEA 264 —,Cult Films & Camp Movies,,Theatre and Dance,,
THEA 340 —,Advanced Directing,,Theatre and Dance,,
THEA 360 —,Shakespeare Through Performance,,Theatre and Dance,,
THEA 361 —,Film As Narrative,,Theatre and Dance,,
THEA 370 —,Performance Art,,Theatre and Dance,,
THEA 400 —,Tutorial,,Theatre and Dance,,
THEA 406 —,Performance For Audience,,Theatre and Dance,,
VAHI 100 —,Introduction To Visual Arts,,Visual Arts,,
VAHI 111 —,History of Global Arch I,,Visual Arts,,
VAHI 112 —,History of Global Arch II,,Visual Arts,,
VAHI 136 —,Narrative In Art & Film,,Visual Arts,,
VAHI 137 —,Destruction and Renewal,,Visual Arts,,
VAHI 201 —,Introduction to Islamic Art,,Visual Arts,,
VAHI 202 —,Art of Africa and the Americas,,Visual Arts,,
VAHI 203 —,Arts of Asia,,Visual Arts,,
VAHI 205 —,Global Commerce in 15th Century Italy,,Visual Arts,,
VAHI 206 —,Art & Antiquity in 16C Italy,,Visual Arts,,
VAHI 207 —,"Art, Science and Power 17C",,Visual Arts,,
VAHI 209 —,"Art in the Modern World, 1780 to 1940",,Visual Arts,,
VAHI 210 —,Art Since 1940,,Visual Arts,,
VAHI 213 —,"Art, Travel, & Medieval Globe",,Visual Arts,,
VAHI 214 —,17C Dutch Art & Society,,Visual Arts,,
VAHI 220 —,The Arts in America,,Visual Arts,,
VAHI 230 —,American Architecture,,Visual Arts,,
VAHI 233 —,Arts of Modern China,,Visual Arts,,
VAHI 236 —,Buddhist Art,,Visual Arts,,
VAHI 240 —,Modern Architecture,,Visual Arts,,
VAHI 250 —,Making the Modern City,,Visual Arts,,
VAHI 270 —,Museum Studies,,Visual Arts,,
VAHI 299-F02 —,Building Renaissance Italy,,Visual Arts,,
VAHI 299-F03 —,Art and Social Justice,,Visual Arts,,
VAHI 310 —,Kings & Caliphs: Art of Luxury,,Visual Arts,,
VAHI 320 —,The Modern Home,,Visual Arts,,
VAHI 330 —,Designing Green,,Visual Arts,,
VAHI 340 —,American Art & Ecology,,Visual Arts,,
VAHI 350 —,City Nature,,Visual Arts,,
VAHI 400 —,Capstone Seminar,,Visual Arts,,
VAHI 420 —,Tutorial,,Visual Arts,,
VAST 101 —,Fundamentals of Drawing,,Visual Arts,,
VAST 102 —,3-Dimensional Fundamentals,,Visual Arts,,
VAST 105 —,Digital Art Studio 1,,Visual Arts,,
VAST 106 —,Drawing Architectural Form,,Visual Arts,,
VAST 130 —,Photography 1,,Visual Arts,,
VAST 140 —,Digital Filmmaking,,Visual Arts,,
VAST 150 —,Drawing on Site,,Visual Arts,,
VAST 199-F01 —,Drawing Trees: Structure and Symbol,,Visual Arts,,
VAST 199-F02 —,Intro to Drawing: Flora & Fauna,,Visual Arts,,
VAST 199-F06 —,"The Handmade Photograph, Alternative and Non-Silver Approaches",,Visual Arts,,
VAST 199-S04 —,Landscape Photography,,Visual Arts,,
VAST 203 —,Fundamentals of Color,,Visual Arts,,
VAST 204 —,Digital Art Studio 2,,Visual Arts,,
VAST 206 —,Drawn to Nature,,Visual Arts,,
VAST 207 —,"Drawing, Body as Form",,Visual Arts,,
VAST 208 —,Cutting Edge: Beyond Collage,,Visual Arts,,
VAST 210 —,Printmaking 1,,Visual Arts,,
VAST 211 —,Mixed Media,,Visual Arts,,
VAST 220 —,Sculpture 1,,Visual Arts,,
VAST 222 —,Intermediate Drawing,,Visual Arts,,
VAST 223 —,Painting 1,,Visual Arts,,
VAST 225 —,Makerspace Projects,,Visual Arts,,
VAST 230 —,Photography 2,,Visual Arts,,
VAST 299-F04 —,Environmental Sculpture,,Visual Arts,,
VAST 299-F05 —,Drawing the Printed Multiple,,Visual Arts,,
VAST 299-S05 —,Installation Art and Design: Sculpture in the Expanded Field,,Visual Arts,,
VAST 299-S06 —,AI Art Studio: Beyond the Prompt,,Visual Arts,,
VAST 299-S07 —,Contemporary Themes in Painting,,Visual Arts,,
VAST 299-S08 —,"Text, Image, Story",,Visual Arts,,
VAST 305 —,Printed & Sewn Imagery,,Visual Arts,,
VAST 306 —,Book Projects,,Visual Arts,,
VAST 307 —,New Media,,Visual Arts,,
VAST 308 —,Painting 2,,Visual Arts,,
VAST 320 —,Darkroom Photography,,Visual Arts,,
VAST 330 —,Tutorial,,Visual Arts,,
VAST 401 —,Studio Concentration Seminar 1,,Visual Arts,,
VAST 402 —,Studio Concentration Seminar 2,,Visual Arts,,
VAST 430 —,Tutorial,,Visual Arts,,
ARAB 101 —,Elementary Arabic 1,,"World Languages, Literatures, and Cultures",,
ARAB 102 —,Elementary Arabic 2,,"World Languages, Literatures, and Cultures",,
ARAB 150 —,Introduction to Arabic Culture,,"World Languages, Literatures, and Cultures",,
ARAB 201 —,Intermediate Arabic 1,,"World Languages, Literatures, and Cultures",,
ARAB 202 —,Intermediate Arabic 2,,"World Languages, Literatures, and Cultures",,
ARAB 250 —,Modern Arabic Literature in Translation,,"World Languages, Literatures, and Cultures",,
ARAB 301 —,Third Year Arabic,,"World Languages, Literatures, and Cultures",,
ARAB 392 —,Tutorial,,"World Languages, Literatures, and Cultures",,
ARAB 491 —,Tutorial,,"World Languages, Literatures, and Cultures",,
ARAB 492 —,Tutorial,,"World Languages, Literatures, and Cultures",,
CHIN 101 —,Elementary Chinese 1,,"World Languages, Literatures, and Cultures",,
CHIN 102 —,Elementary Chinese 2,,"World Languages, Literatures, and Cultures",,
CHIN 103 —,Introduction to Chinese Culture,,"World Languages, Literatures, and Cultures",,
CHIN 192 —,Tutorial,,"World Languages, Literatures, and Cultures",,
CHIN 199-F02 —,Modern Chinese Popular Culture,,"World Languages, Literatures, and Cultures",,
CHIN 199-R01 —,Fantastic Beasts,,"World Languages, Literatures, and Cultures",,
CHIN 201 —,Intermediate Chinese 1,,"World Languages, Literatures, and Cultures",,
CHIN 202 —,Intermediate Chinese 2,,"World Languages, Literatures, and Cultures",,
CHIN 250 —,Traditional Chinese Literature,,"World Languages, Literatures, and Cultures",,
CHIN 251 —,China and the Environment,,"World Languages, Literatures, and Cultures",,
CHIN 255 —,Chin Cult Through Camera's Eye,,"World Languages, Literatures, and Cultures",,
CHIN 260 —,Chinese Linguistics,,"World Languages, Literatures, and Cultures",,
CHIN 261 —,"Tongues in Transit: Language, Migration, and Ageing",,"World Languages, Literatures, and Cultures",,
CHIN 270 —,The Legend of the Monkey King,,"World Languages, Literatures, and Cultures",,
CHIN 280 —,Chinese Food Odyssey,,"World Languages, Literatures, and Cultures",,
CHIN 292 —,Tutorial,,"World Languages, Literatures, and Cultures",,
CHIN 301 —,Third Year Chinese 1,,"World Languages, Literatures, and Cultures",,
CHIN 302 —,Third Year Chinese 2,,"World Languages, Literatures, and Cultures",,
CHIN 392 —,Tutorial,,"World Languages, Literatures, and Cultures",,
CHIN 401 —,Fourth Year Chinese 1,,"World Languages, Literatures, and Cultures",,
CHIN 402 —,Fourth Year Chinese 2,,"World Languages, Literatures, and Cultures",,
CHIN 403 —,Topics in Contemp Chin Society,,"World Languages, Literatures, and Cultures",,
CHIN 404 —,Introduction to Literary Chinese 1,,"World Languages, Literatures, and Cultures",,
CHIN 491 —,Tutorial,,"World Languages, Literatures, and Cultures",,
CHIN 492 —,Tutorial,,"World Languages, Literatures, and Cultures",,
FREN 101 —,Elementary French 1,,"World Languages, Literatures, and Cultures",,
FREN 102 —,Elementary French 2,,"World Languages, Literatures, and Cultures",,
FREN 201 —,Intermediate French 1,,"World Languages, Literatures, and Cultures",,
FREN 202 —,Intermediate French 2,,"World Languages, Literatures, and Cultures",,
FREN 301 —,French Composition & Conversatn,,"World Languages, Literatures, and Cultures",,
FREN 302 —,Approaches To Reading & Writing,,"World Languages, Literatures, and Cultures",,
FREN 303 —,French Life & Letters/MA-1800,,"World Languages, Literatures, and Cultures",,
FREN 304 —,"French Life & Letters: 19th, 20th, 21st Centuries",,"World Languages, Literatures, and Cultures",,
FREN 305 —,Writing Around the Arts,,"World Languages, Literatures, and Cultures",,
FREN 306 —,Paris Through the Looking Glass,,"World Languages, Literatures, and Cultures",,
FREN 307 —,The Fantastic,,"World Languages, Literatures, and Cultures",,
FREN 308 —,Francophone Journeys,,"World Languages, Literatures, and Cultures",,
FREN 309 —,France's Faces,,"World Languages, Literatures, and Cultures",,
FREN 310 —,Laughing Matters,,"World Languages, Literatures, and Cultures",,
FREN 401 —,Advanced French,,"World Languages, Literatures, and Cultures",,
FREN 402 —,Translation,,"World Languages, Literatures, and Cultures",,
FREN 406 —,Fiction Writing,,"World Languages, Literatures, and Cultures",,
FREN 427 —,20Th -21st Century Novel,,"World Languages, Literatures, and Cultures",,
FREN 428 —,The French Short Story,,"World Languages, Literatures, and Cultures",,
FREN 442 —,Emerging Francophone Classics,,"World Languages, Literatures, and Cultures",,
FREN 471 —,Masterpieces of French Cinema,,"World Languages, Literatures, and Cultures",,
FREN 472 —,Race & Gender in French Cinema,,"World Languages, Literatures, and Cultures",,
FREN 491 —,Tutorial,,"World Languages, Literatures, and Cultures",,
FREN 492 —,Tutorial,,"World Languages, Literatures, and Cultures",,
GERM 101 —,Elementary German 1,,"World Languages, Literatures, and Cultures",,
GERM 102 —,Elementary German 2,,"World Languages, Literatures, and Cultures",,
GERM 201 —,Intermediate German 1,,"World Languages, Literatures, and Cultures",,
GERM 202 —,Intermediate German 2,,"World Languages, Literatures, and Cultures",,
GERM 250 —,Metropolis Berlin,,"World Languages, Literatures, and Cultures",,
GERM 255 —,German Practicum,,"World Languages, Literatures, and Cultures",,
GERM 301 —,German Composition & Conversation,,"World Languages, Literatures, and Cultures",,
GERM 303 —,German Culture 1750-1890,,"World Languages, Literatures, and Cultures",,
GERM 304 —,German Culture/20th Century,,"World Languages, Literatures, and Cultures",,
GERM 399-S01 —,Staging the Self,,"World Languages, Literatures, and Cultures",,
GERM 401 —,Goethe & Schiller,,"World Languages, Literatures, and Cultures",,
GERM 403 —,19c German Lit (Novella),,"World Languages, Literatures, and Cultures",,
GERM 405 —,"Kafka, Hesse, Mann and their Contemporaries",,"World Languages, Literatures, and Cultures",,
GERM 406 —,Contemporary German Literature,,"World Languages, Literatures, and Cultures",,
GERM 407 —,German Law & Literature,,"World Languages, Literatures, and Cultures",,
GERM 491 —,Tutorial,,"World Languages, Literatures, and Cultures",,
GERM 492 —,Tutorial,,"World Languages, Literatures, and Cultures",,
ITAL 101 —,Elementary Italian 1,,"World Languages, Literatures, and Cultures",,
ITAL 102 —,Elementary Italian 2,,"World Languages, Literatures, and Cultures",,
ITAL 103 —,Intensive Elementary Italian,,"World Languages, Literatures, and Cultures",,
ITAL 199-F02 —,Italian American Film and Culture,,"World Languages, Literatures, and Cultures",,
ITAL 201 —,Intermediate Italian 1,,"World Languages, Literatures, and Cultures",,
ITAL 202 —,Intermediate Italian 2,,"World Languages, Literatures, and Cultures",,
ITAL 260 —,Dante,,"World Languages, Literatures, and Cultures",,
ITAL 299-F01 —,How to Be a Crusader: Heroism and Virtue in the Italian Renaissance Epic,,"World Languages, Literatures, and Cultures",,
ITAL 301 —,Italian Comp & Conv,,"World Languages, Literatures, and Cultures",,
ITAL 325 —,Boccaccio's Decameron,,"World Languages, Literatures, and Cultures",,
ITAL 328 —,Medieval-Renaissance Medicine,,"World Languages, Literatures, and Cultures",,
ITAL 370 —,Italian Philology,,"World Languages, Literatures, and Cultures",,
ITAL 411 —,Italian Renaissance Literature,,"World Languages, Literatures, and Cultures",,
ITAL 415 —,Sicily through Literature & Film,,"World Languages, Literatures, and Cultures",,
ITAL 453 —,Italian Women's Autobiography,,"World Languages, Literatures, and Cultures",,
ITAL 491 —,Tutorial,,"World Languages, Literatures, and Cultures",,
RUSS 101 —,Elementary Russian 1,,"World Languages, Literatures, and Cultures",,
RUSS 102 —,Elementary Russian 2,,"World Languages, Literatures, and Cultures",,
RUSS 201 —,Intermediate Russian 1,,"World Languages, Literatures, and Cultures",,
RUSS 202 —,Intermediate Russian 2: Language In Action,,"World Languages, Literatures, and Cultures",,
RUSS 249 —,Russian Propaganda,,"World Languages, Literatures, and Cultures",,
RUSS 250 —,Madness in Russian Literature,,"World Languages, Literatures, and Cultures",,
RUSS 251 —,Tales of Desire,,"World Languages, Literatures, and Cultures",,
RUSS 252 —,Russian Fantasy and Science Fiction,,"World Languages, Literatures, and Cultures",,
RUSS 253 —,Fire & Ice: Siberia In Fiction,,"World Languages, Literatures, and Cultures",,
RUSS 254 —,Russian Icons: Art & Soul,,"World Languages, Literatures, and Cultures",,
RUSS 255 —,Religions of Russia,,"World Languages, Literatures, and Cultures",,
RUSS 257 —,Russian Drama and the West,,"World Languages, Literatures, and Cultures",,
RUSS 259 —,Fairytale: Russia & the World,,"World Languages, Literatures, and Cultures",,
RUSS 260 —,19Th Century Russian Literature,,"World Languages, Literatures, and Cultures",,
RUSS 261 —,20Th/21st Century Russian Literature,,"World Languages, Literatures, and Cultures",,
RUSS 263 —,Soviet Art and Literature,,"World Languages, Literatures, and Cultures",,
RUSS 264 —,Writing Under Stalin,,"World Languages, Literatures, and Cultures",,
RUSS 265 —,Kyiv to Moscow: A Medieval Journey,,"World Languages, Literatures, and Cultures",,
RUSS 291 —,Intermediate Russian Tutorial,,"World Languages, Literatures, and Cultures",,
RUSS 292 —,Intermediate Russian Tutorial,,"World Languages, Literatures, and Cultures",,
RUSS 299-S02 —,Russian Language Pedagogy Tutorial,,"World Languages, Literatures, and Cultures",,
RUSS 301 —,Russian Composition & Conversation,,"World Languages, Literatures, and Cultures",,
RUSS 302 —,Russian Translation: Theory & Practice,,"World Languages, Literatures, and Cultures",,
RUSS 303 —,Adv Studies in Russian Culture,,"World Languages, Literatures, and Cultures",,
RUSS 392 —,Advanced Russian Tutorial,,"World Languages, Literatures, and Cultures",,
RUSS 399-01 —,Modes of Protest in Russia,,"World Languages, Literatures, and Cultures",,
RUSS 491 —,Tutorial,,"World Languages, Literatures, and Cultures",,
RUSS 492 —,Tutorial,,"World Languages, Literatures, and Cultures",,
STWL 221 —,Coming-of-Age: Writing Women in the 20th Century,,"World Languages, Literatures, and Cultures",,
STWL 222 —,The Contemporary African Novel,,"World Languages, Literatures, and Cultures",,
STWL 223 —,"Vert la France: Art, Literature, and the Environment",,"World Languages, Literatures, and Cultures",,
STWL 233 —,Introduction to French Cinema,,"World Languages, Literatures, and Cultures",,
STWL 234 —,Women Make Film,,"World Languages, Literatures, and Cultures",,
STWL 291 —,Tutorial,,"World Languages, Literatures, and Cultures",,
STWL 292 —,Tutorial,,"World Languages, Literatures, and Cultures",,
STWL 392 —,Tutorial,,"World Languages, Literatures, and Cultures",,
ACIP 203 —,Internship,,Academic Internship Program,,
ACIP 350 —,Exploring Data Science with Friends,,Academic Internship Program,,
ACIP 370 —,Leadership in the Sports World,,Academic Internship Program,,
ACIP 375 —,How Medical Clinicians Reason,,Academic Internship Program,,
ACIP 376 —,The Primary Process in America,,Academic Internship Program,,
ACIP 380 —,Academic Internship,,Academic Internship Program,,
ACIP 381 —,Policy & Politics,,Academic Internship Program,,
ASTD 110 —,Asian American Studies,,Asian Studies,,
ASTD 200 —,Tutorial,,Asian Studies,,
ASTD 494 —,Directed Research,,Asian Studies,,
ASTD 495 —,Directed Research,,Asian Studies,,
DCSP 381 —,Washington Seminar,,Washington Semester Program,,
DCSP 382 —,Washington Internship,,Washington Semester Program,,
DCSP 383 —,Washington Research,,Washington Semester Program,,
GEOS 120 —,Geohazards,,Environmental Studies,,
GEOS 130 —,Habitable Planets,,Environmental Studies,,
GEOS 150 —,Introduction to Geology,,Environmental Studies,,
GEOS 210 —,Geomorphology,,Environmental Studies,,
GEOS 270 —,Watershed Hydrology,,Environmental Studies,,
GEOS 350 —,Oceanography,,Environmental Studies,,
MONT 199N-F04 —,Water and Humans,,Environmental Studies,,
MONT 199N-S04 —,Humans and Water,,Environmental Studies,,
FENW 498 —,Fenwick Project,,Fenwick Scholar Project,,
GEOS 310 —,Paleoclimatology,,Geosciences,,
GEOS 401 —,Undergraduate Research,,Geosciences,,
GEOS 405 —,Directed Reading,,Geosciences,,
GEOS 407 —,Honors Research,,Geosciences,,
GEOS 408 —,Honors Research,,Geosciences,,
HNRS 294 —,Second Year Honors Colloquium,,Honors Program,,
HNRS 295 —,Third Year Honors Colloquium,,Honors Program,,
HNRS 296 —,Fourth Year Honors Colloquium,,Honors Program,,
HNRS 299 —,Honors Seminar,,Honors Program,,
HNRS 395 —,Honors Seminar,,Honors Program,,
HNRS 494 —,Honors Thesis,,Honors Program,,
HNRS 495 —,Honors Thesis,,Honors Program,,
