courseId,courseName,courseCredits,courseSubject,courseLevel,courseCampus
AFT 2,Accreditation Audit,"(None, None)",,,
AIT 2,Organic Chemistry,"(None, None)",,,
AMT 2,Service Line Development,"(None, None)",,,
AOA 2,Number Sense and Functions,"(None, None)",,,
ASA 1,Assessment Theory and Practice,"(None, None)",,,
AUA 2,"Graphing, Proportional Reasoning and Equations/Inequalities","(None, None)",,,
AVA 2,Geometry and Statistics,"(None, None)",,,
BVT 1,Physical Chemistry,"(None, None)",,,
BVT 2,Physical Chemistry,"(None, None)",,,
BWT 1,Inorganic Chemistry,"(None, None)",,,
BWT 2,Inorganic Chemistry,"(None, None)",,,
BYT 1,Physics: Mechanics,"(None, None)",,,
BYT 2,Physics: Mechanics,"(None, None)",,,
BZT 1,Physics: Waves and Optics,"(None, None)",,,
BZT 2,Physics: Waves and Optics,"(None, None)",,,
C 100,Introduction to Humanities,"(None, None)",,,
C 121,Survey of United States History,"(None, None)",,,
C 165,Integrated Physical Sciences,"(None, None)",,,
C 168,Critical Thinking and Logic,"(None, None)",,,
C 172,Network and Security,"(None, None)",,,
C 175,Data Management,"(None, None)",,,
C 179,Business of IT,"(None, None)",,,
C 180,Introduction to Psychology,"(None, None)",,,
C 182,Introduction to IT,"(None, None)",,,
C 190,Introduction to Biology,"(None, None)",,,
C 200,Managing Organizations and Leading People,"(None, None)",,,
C 201,Business Acumen,"(None, None)",,,
C 202,Managing Human Capital,"(None, None)",,,
C 203,Becoming an Effective Leader,"(None, None)",,,
C 204,Management Communication,"(None, None)",,,
C 205,Leading Teams,"(None, None)",,,
C 206,Ethical Leadership,"(None, None)",,,
C 207,Data,"(None, None)",,,
C 208,Change Management and Innovation,"(None, None)",,,
C 209,Strategic Management,"(None, None)",,,
C 210,Management and Leadership Capstone,"(None, None)",,,
C 211,Global Economics for Managers,"(None, None)",,,
C 212,Marketing,"(None, None)",,,
C 213,Accounting for Decision Makers,"(None, None)",,,
C 214,Financial Management,"(None, None)",,,
C 215,Operations Management,"(None, None)",,,
C 216,MBA Capstone,"(None, None)",,,
C 218,"MBA, Information Technology Management Capstone","(None, None)",,,
C 219,"MBA, Healthcare Management Capstone","(None, None)",,,
C 224,Research Foundations,"(None, None)",,,
C 225,Research Questions and Literature Review,"(None, None)",,,
C 226,Research Design and Analysis,"(None, None)",,,
C 227,Research Proposals,"(None, None)",,,
C 232,Introduction to Human Resource Management,"(None, None)",,,
C 233,Employment Law,"(None, None)",,,
C 234,Workforce Planning: Recruitment and Selection,"(None, None)",,,
C 236,Compensation and Benefits,"(None, None)",,,
C 237,Taxation I,"(None, None)",,,
C 263,The Ocean Systems,"(None, None)",,,
C 264,Climate Change,"(None, None)",,,
C 266,The Ocean Systems,"(None, None)",,,
C 267,Climate Change,"(None, None)",,,
C 268,Spreadsheets,"(None, None)",,,
C 273,Introduction to Sociology,"(None, None)",,,
C 277,Finite Mathematics,"(None, None)",,,
C 278,College Algebra,"(None, None)",,,
C 280,Probability and Statistics I,"(None, None)",,,
C 282,Calculus I,"(None, None)",,,
C 283,Calculus II,"(None, None)",,,
C 284,Mathematics Learning and Teaching,"(None, None)",,,
C 285,Mathematics History and Technology,"(None, None)",,,
C 339,Cohort Seminar,"(None, None)",,,
C 341,Cohort Seminar,"(None, None)",,,
C 347,Professional Portfolio,"(None, None)",,,
C 360,Teacher Work Sample in English Language Learning,"(None, None)",,,
C 362,Calculus I,"(None, None)",,,
C 363,Calculus I,"(None, None)",,,
C 371,Concepts in Science,"(None, None)",,,
C 373,General Chemistry I with Lab,"(None, None)",,,
C 374,General Chemistry II with Lab,"(None, None)",,,
C 388,"Science, Technology, and Society","(None, None)",,,
C 389,"Science, Technology, and Society","(None, None)",,,
C 396,English Pedagogy,"(None, None)",,,
C 455,English Composition I,"(None, None)",,,
C 456,English Composition II,"(None, None)",,,
C 458,"Health, Fitness, and Wellness","(None, None)",,,
C 464,Introduction to Communication,"(None, None)",,,
C 483,Principles of Management,"(None, None)",,,
C 484,Organizational Behavior and Leadership,"(None, None)",,,
C 494,Advanced Standing for RN License,"(None, None)",,,
C 498,"MS, Information Technology Management Capstone","(None, None)",,,
C 612,Mathematics: Content Knowledge,"(None, None)",,,
C 613,Middle School Mathematics: Content Knowledge,"(None, None)",,,
C 614,Biology: Content Knowledge,"(None, None)",,,
C 615,Physics: Content Knowledge,"(None, None)",,,
C 616,Middle School Science: Content Knowledge,"(None, None)",,,
C 617,Chemistry: Content Knowledge,"(None, None)",,,
C 618,Earth Science: Content Knowledge,"(None, None)",,,
C 624,Biochemistry,"(None, None)",,,
C 625,Biochemistry,"(None, None)",,,
C 635,"MA, Mathematics Education (K","(None, None)",,,
C 645,Science Methods,"(None, None)",,,
C 646,Trigonometry and Precalculus,"(None, None)",,,
C 647,Trigonometry and Precalculus,"(None, None)",,,
C 649,Geology I: Physical,"(None, None)",,,
C 650,Geology I: Physical,"(None, None)",,,
C 652,Heredity and Genetics,"(None, None)",,,
C 653,Heredity and Genetics,"(None, None)",,,
C 654,Zoology,"(None, None)",,,
C 655,Zoology,"(None, None)",,,
C 656,Calculus III,"(None, None)",,,
C 657,Calculus III,"(None, None)",,,
C 659,Conceptual Physics,"(None, None)",,,
C 670,Concepts in Science,"(None, None)",,,
C 672,General Chemistry I with Lab,"(None, None)",,,
C 673,General Chemistry II with Lab,"(None, None)",,,
C 683,Natural Science Lab,"(None, None)",,,
C 715,Organizational Behavior,"(None, None)",,,
C 716,Business Communication,"(None, None)",,,
C 717,Business Ethics,"(None, None)",,,
C 720,Operations and Supply Chain Management,"(None, None)",,,
C 721,Change Management,"(None, None)",,,
C 722,Project Management,"(None, None)",,,
C 723,Quantitative Analysis For Business,"(None, None)",,,
C 724,Information Systems Management,"(None, None)",,,
C 728,Secondary Disciplinary Literacy,"(None, None)",,,
C 730,Secondary Reading Instruction and Interventions,"(None, None)",,,
C 736,Evolution,"(None, None)",,,
C 737,Evolution,"(None, None)",,,
C 738,"Space, Time and Motion","(None, None)",,,
C 739,"Space, Time and Motion","(None, None)",,,
C 769,IT Capstone Written Project,"(None, None)",,,
C 773,User Interface Design,"(None, None)",,,
C 777,Web Development Applications,"(None, None)",,,
C 783,Project Management,"(None, None)",,,
C 784,Applied Healthcare Statistics,"(None, None)",,,
C 790,Foundations in Nursing Informatics,"(None, None)",,,
C 792,Data Modeling and Database Management Systems,"(None, None)",,,
C 797,Data Science and Analytics,"(None, None)",,,
C 798,Informatics System Analysis and Design,"(None, None)",,,
C 799,Healthcare Ecosystems,"(None, None)",,,
C 801,Health Information Law and Regulations,"(None, None)",,,
C 802,Foundations in Healthcare Information Management,"(None, None)",,,
C 803,Data Analytics and Information Governance,"(None, None)",,,
C 804,Medical Terminology,"(None, None)",,,
C 805,Pathophysiology,"(None, None)",,,
C 807,Healthcare Compliance,"(None, None)",,,
C 808,Classification Systems,"(None, None)",,,
C 810,Foundations in Healthcare Data Management,"(None, None)",,,
C 811,Healthcare Financial Resource Management,"(None, None)",,,
C 812,Healthcare Reimbursement,"(None, None)",,,
C 813,Healthcare Statistics and Research,"(None, None)",,,
C 815,Quality and Performance Management and Methods,"(None, None)",,,
C 816,Healthcare System Applications,"(None, None)",,,
C 832,Chemistry with Lab,"(None, None)",,,
C 833,Chemistry with Lab,"(None, None)",,,
C 841,Legal Issues in Information Security,"(None, None)",,,
C 843,Managing Information Security,"(None, None)",,,
C 844,Emerging Technologies in Cybersecurity,"(None, None)",,,
C 845,Information Systems Security,"(None, None)",,,
C 850,Emerging Technologies,"(None, None)",,,
C 853,Teacher Performance Assessment in English,"(None, None)",,,
C 854,Nursing Informatics Field Experience,"(None, None)",,,
C 855,Nursing Informatics Capstone,"(None, None)",,,
C 867,Scripting and Programming,"(None, None)",,,
C 870,Human Anatomy and Physiology,"(None, None)",,,
C 871,"MA, Science Education Teacher Performance Assessment","(None, None)",,,
C 874,"MA, Mathematics Education (5","(None, None)",,,
C 875,Human Anatomy and Physiology,"(None, None)",,,
C 876,Conceptual Physics,"(None, None)",,,
C 877,Mathematical Modeling and Applications,"(None, None)",,,
C 878,Mathematical Modeling and Applications,"(None, None)",,,
C 879,Algebra for Secondary Mathematics Teaching,"(None, None)",,,
C 880,Algebra for Secondary Mathematics Teaching,"(None, None)",,,
C 881,Geometry for Secondary Mathematics Teaching,"(None, None)",,,
C 882,Geometry for Secondary Mathematics Teaching,"(None, None)",,,
C 883,Statistics and Probability for Secondary Mathematics Teaching,"(None, None)",,,
C 884,Statistics and Probability for Secondary Mathematics Teaching,"(None, None)",,,
C 885,Advanced Calculus,"(None, None)",,,
C 886,Advanced Calculus,"(None, None)",,,
C 887,"MA, Mathematics Education (5","(None, None)",,,
C 888,Molecular and Cellular Biology,"(None, None)",,,
C 889,Molecular and Cellular Biology,"(None, None)",,,
C 890,Ecology and Environmental Science,"(None, None)",,,
C 891,Ecology and Environmental Science,"(None, None)",,,
C 892,Geology II: Earth Systems,"(None, None)",,,
C 893,Geology II: Earth Systems,"(None, None)",,,
C 894,Astronomy,"(None, None)",,,
C 895,Astronomy,"(None, None)",,,
C 897,Mathematics: Content Knowledge,"(None, None)",,,
C 898,Earth Science: Content Knowledge,"(None, None)",,,
C 900,Biology: Content Knowledge,"(None, None)",,,
C 901,Physics: Content Knowledge,"(None, None)",,,
C 902,Middle School Science: Content Knowledge,"(None, None)",,,
C 903,Middle School Mathematics: Content Knowledge,"(None, None)",,,
C 904,Teacher Performance Assessment in Science,"(None, None)",,,
C 907,Introduction to Biology,"(None, None)",,,
C 908,Integrated Physical Sciences,"(None, None)",,,
C 912,College Algebra,"(None, None)",,,
C 914,Teacher Performance Assessment in Mathematics Education,"(None, None)",,,
C 915,Chemistry: Content Knowledge,"(None, None)",,,
C 918,Evolving Roles of Nurse Educators in Diverse Environments,"(None, None)",,,
C 919,Facilitation of Context,"(None, None)",,,
C 920,Contemporary Curriculum Design and Development in Nursing Education,"(None, None)",,,
C 921,Assessment and Evaluation Strategies for Measuring Student Learning,"(None, None)",,,
C 922,Emerging Trends and Challenges in 21st Century Nursing Education,"(None, None)",,,
C 925,Earth: Inside and Out,"(None, None)",,,
C 926,Earth: Inside and Out,"(None, None)",,,
C 927,Managing Technology Operations and Innovation,"(None, None)",,,
C 928,Financial Management for IT Professionals,"(None, None)",,,
C 929,IT Sourcing and Development in a Global Economy,"(None, None)",,,
C 930,Preclinical Experiences in Mathematics,"(None, None)",,,
C 931,Preclinical Experiences in Mathematics,"(None, None)",,,
C 932,Preclinical Experiences in Mathematics,"(None, None)",,,
C 933,Preclinical Experiences in Mathematics,"(None, None)",,,
C 937,Preclinical Experiences in Science,"(None, None)",,,
C 938,Preclinical Experiences in Science,"(None, None)",,,
C 940,Science Methods—Secondary Biology,"(None, None)",,,
C 941,Science Methods—Secondary Chemistry,"(None, None)",,,
C 942,Science Methods—Secondary Earth Science,"(None, None)",,,
C 943,Science Methods—Secondary Physics,"(None, None)",,,
C 945,Preclinical Experiences in English,"(None, None)",,,
C 946,Nursing Education Field Experience,"(None, None)",,,
C 947,Nursing Education Capstone,"(None, None)",,,
C 948,Technical Communication,"(None, None)",,,
C 949,Data Structures and Algorithms I,"(None, None)",,,
C 950,Data Structures and Algorithms II,"(None, None)",,,
C 952,Computer Architecture,"(None, None)",,,
C 954,Information Technology Management,"(None, None)",,,
C 955,Applied Probability and Statistics,"(None, None)",,,
C 957,Applied Algebra,"(None, None)",,,
C 958,Calculus I,"(None, None)",,,
C 959,Discrete Mathematics I,"(None, None)",,,
C 960,Discrete Mathematics II,"(None, None)",,,
C 962,Current and Emerging Technology,"(None, None)",,,
C 963,American Politics and the US Constitution,"(None, None)",,,
C 965,Teaching in the Middle School,"(None, None)",,,
C 966,Teaching in the Middle School,"(None, None)",,,
C 968,Software I – C#,"(None, None)",,,
C 969,Software II – Advanced C#,"(None, None)",,,
C 971,Mobile Application Development Using C#,"(None, None)",,,
C 972,College Geometry,"(None, None)",,,
C 974,Science Methods—Middle Grades General Science,"(None, None)",,,
C 975,Science Methods—Middle Grades General Science,"(None, None)",,,
C 976,Science Methods—Secondary Biology,"(None, None)",,,
C 977,Science Methods—Secondary Chemistry,"(None, None)",,,
C 978,Science Methods—Secondary Earth Science,"(None, None)",,,
C 979,Science Methods—Secondary Physics,"(None, None)",,,
C 992,College Geometry,"(None, None)",,,
CQC 2,Calculus II,"(None, None)",,,
CUA 1,Culture,"(None, None)",,,
D 016,Leadership Foundations and Ethics,"(None, None)",,,
D 017,School Law,"(None, None)",,,
D 018,Leading Inclusive Schools,"(None, None)",,,
D 019,Data Literacy and Evidence,"(None, None)",,,
D 022,People and Talent in Educational Leadership,"(None, None)",,,
D 023,School Financial Leadership,"(None, None)",,,
D 024,Professional Presence and Influence,"(None, None)",,,
D 025,Essentials of Advanced Nursing Roles and Interprofessional Practice,"(None, None)",,,
D 026,Quality Outcomes in a Culture of Value,"(None, None)",,,
D 027,Advanced Pathopharmacological Foundations,"(None, None)",,,
D 028,Advanced Health Assessment for Patients and Populations,"(None, None)",,,
D 029,Informatics for Transforming Nursing Care,"(None, None)",,,
D 030,Leadership and Management in Complex Healthcare Systems,"(None, None)",,,
D 031,Advancing Evidence,"(None, None)",,,
D 033,Healthcare Information Systems Management,"(None, None)",,,
D 034,Systems Management and School Operations,"(None, None)",,,
D 035,Educational Inquiry,"(None, None)",,,
D 036,Practicum in Educational Leadership,"(None, None)",,,
D 037,Practicum in Educational Leadership,"(None, None)",,,
D 038,Educational Leadership Capstone,"(None, None)",,,
D 072,Fundamentals for Success in Business,"(None, None)",,,
D 075,Information Technology Management Essentials,"(None, None)",,,
D 076,Finance Skills for Managers,"(None, None)",,,
D 077,"Concepts in Marketing, Sales, and Customer Contact","(None, None)",,,
D 078,Business Environment Applications I: Business Structures and Legal Environment,"(None, None)",,,
D 079,"Business Environment Applications II: Process, Logistics, and Operations","(None, None)",,,
D 080,Managing in a Global Business Environment,"(None, None)",,,
D 081,Innovative and Strategic Thinking,"(None, None)",,,
D 082,Emotional and Cultural Intelligence,"(None, None)",,,
D 089,Principles of Economics,"(None, None)",,,
D 090,The School as a Community of Care,"(None, None)",,,
D 091,"Introduction to Curriculum, Instruction, and Assessment","(None, None)",,,
D 092,Educational Technology for Teaching and Learning,"(None, None)",,,
D 093,Assessing Impact on Student Learning,"(None, None)",,,
D 094,Educational Psychology and Development of Children and Adolescents,"(None, None)",,,
D 095,Managing Engaging Learning Environments,"(None, None)",,,
D 096,Fundamentals of Diverse Learners,"(None, None)",,,
D 097,Educational Foundations,"(None, None)",,,
D 098,Digital Marketing,"(None, None)",,,
D 099,Sales Management,"(None, None)",,,
D 100,Introduction to Spreadsheets,"(None, None)",,,
D 101,Cost and Managerial Accounting,"(None, None)",,,
D 102,Financial Accounting,"(None, None)",,,
D 103,Intermediate Accounting I,"(None, None)",,,
D 104,Intermediate Accounting II,"(None, None)",,,
D 105,Intermediate Accounting III,"(None, None)",,,
D 115,Advanced Pathophysiology for the Advanced Practice Nurse,"(None, None)",,,
D 116,Advanced Pharmacology for the Advanced Practice Nurse,"(None, None)",,,
D 117,Advanced Health Assessment for the Advanced Practice Nurse,"(None, None)",,,
D 118,Adult Primary Care for the Advanced Practice Nurse,"(None, None)",,,
D 119,Pediatric Primary Care for the Advanced Practice Nurse,"(None, None)",,,
D 120,Special Populations Primary Care for the Advanced Practice Nurse,"(None, None)",,,
D 121,Health Promotion of Patients and Populations Across the Lifespan,"(None, None)",,,
D 122,Family Nurse Practitioner Clinical Internship I,"(None, None)",,,
D 123,Family Nurse Practitioner Clinical Internship II,"(None, None)",,,
D 124,Family Nurse Practitioner Clinical Internship III,"(None, None)",,,
D 148,Teacher Performance Assessment in Mathematics Education,"(None, None)",,,
D 150,Teacher Performance Assessment in Science,"(None, None)",,,
D 151,Professional Portfolio,"(None, None)",,,
D 155,Leading with Personal Mastery,"(None, None)",,,
D 156,Business Case Analysis for Healthcare Improvement,"(None, None)",,,
D 157,Managing Resources in an Era of Disruption,"(None, None)",,,
D 158,Strategically Planning the Execution of a Healthcare Improvement Project,"(None, None)",,,
D 159,Evidence,"(None, None)",,,
D 160,Nursing Leadership and Management Field Experience,"(None, None)",,,
D 161,Nursing Leadership and Management Capstone,"(None, None)",,,
D 162,Secondary Disciplinary Literacy,"(None, None)",,,
D 163,Secondary Reading Instruction and Interventions,"(None, None)",,,
D 166,Foundations of Education,"(None, None)",,,
D 168,Schools as Communities of Care,"(None, None)",,,
D 169,Essential Practices for Supporting Diverse Learners,"(None, None)",,,
D 170,Creating and Managing Engaging Learning Environments,"(None, None)",,,
D 171,"Curriculum, Instruction, and Assessment","(None, None)",,,
D 172,Assessing Student Learning,"(None, None)",,,
D 173,Using Educational Technology for Teaching and Learning,"(None, None)",,,
D 174,Marketing Management,"(None, None)",,,
D 175,Consumer Behavior,"(None, None)",,,
D 176,Content Marketing,"(None, None)",,,
D 177,Brand Management,"(None, None)",,,
D 178,Marketing Strategy and Analytics,"(None, None)",,,
D 179,Data,"(None, None)",,,
D 180,Educational Research,"(None, None)",,,
D 181,MSCIN Capstone,"(None, None)",,,
D 184,Standards,"(None, None)",,,
D 186,Learning as a Science,"(None, None)",,,
D 187,Differentiated Instruction,"(None, None)",,,
D 188,The Collaborative Leader,"(None, None)",,,
D 190,Introduction to Healthcare IT Systems,"(None, None)",,,
D 196,Principles of Financial and Managerial Accounting,"(None, None)",,,
D 197,Version Control,"(None, None)",,,
D 198,Global Arts and Humanities,"(None, None)",,,
D 199,Introduction to Physical and Human Geography,"(None, None)",,,
D 202,Human Growth and Development,"(None, None)",,,
D 203,Fundamentals of Anatomy and Physiology,"(None, None)",,,
D 215,Auditing,"(None, None)",,,
D 216,Business Law for Accountants,"(None, None)",,,
D 217,Accounting Information Systems,"(None, None)",,,
D 218,Intrapersonal Leadership and Professional Growth,"(None, None)",,,
D 219,Scholarship in Nursing Practice,"(None, None)",,,
D 220,Information Technology in Nursing Practice,"(None, None)",,,
D 221,Organizational Systems and Healthcare Transformation,"(None, None)",,,
D 222,Comprehensive Health Assessment,"(None, None)",,,
D 223,Healthcare Policy and Economics,"(None, None)",,,
D 224,Global and Population Health,"(None, None)",,,
D 225,Emerging Professional Practice,"(None, None)",,,
D 226,BSNU Capstone,"(None, None)",,,
D 235,Interprofessional Communication and Leadership in Healthcare,"(None, None)",,,
D 236,Pathophysiology,"(None, None)",,,
D 246,Influential Communication through Visual Design and Storytelling,"(None, None)",,,
D 250,Governmental and Nonprofit Accounting,"(None, None)",,,
D 251,Advanced Auditing,"(None, None)",,,
D 252,Accounting Research and Critical Thinking,"(None, None)",,,
D 253,Values,"(None, None)",,,
D 255,Professional Practice Experience I: Technical,"(None, None)",,,
D 256,Principles of Management in Health Information Management,"(None, None)",,,
D 257,Healthcare Project Management,"(None, None)",,,
D 258,Organizational Leadership in Healthcare,"(None, None)",,,
D 259,Professional Practice Experience II: Management,"(None, None)",,,
D 260,Health Information Management Capstone,"(None, None)",,,
D 263,Frameworks for Strategic Decision,"(None, None)",,,
D 265,Critical Thinking: Reason and Evidence,"(None, None)",,,
D 266,World History: Diverse Cultures and Global Connections,"(None, None)",,,
D 267,US History: Stories of American Democracy,"(None, None)",,,
D 268,Introduction to Communication: Connecting with Others,"(None, None)",,,
D 269,Composition: Writing with a Strategy,"(None, None)",,,
D 270,Composition: Successful Self,"(None, None)",,,
D 276,Web Development Foundations,"(None, None)",,,
D 277,Front,"(None, None)",,,
D 278,Scripting and Programming,"(None, None)",,,
D 279,User Interface Design,"(None, None)",,,
D 280,JavaScript Programming,"(None, None)",,,
D 281,Linux Foundations,"(None, None)",,,
D 282,Cloud Foundations,"(None, None)",,,
D 284,Software Engineering,"(None, None)",,,
D 286,Java Fundamentals,"(None, None)",,,
D 287,Java Frameworks,"(None, None)",,,
D 288,Back,"(None, None)",,,
D 291,Learning Experience Design Foundations I,"(None, None)",,,
D 292,Learning Experience Design Foundations II,"(None, None)",,,
D 293,Assessment and Learning Analytics,"(None, None)",,,
D 294,Learning Technology,"(None, None)",,,
D 295,Designing and Facilitating E,"(None, None)",,,
D 296,Quality and Impact of K–12 E,"(None, None)",,,
D 297,Designing E,"(None, None)",,,
D 298,Quality and Impact of Adult E,"(None, None)",,,
D 299,Learning Experience Design Lab,"(None, None)",,,
D 300,Identifying Learner Needs and a Research Problem,"(None, None)",,,
D 301,Developing an E,"(None, None)",,,
D 302,Implementing and Evaluating E,"(None, None)",,,
D 303,Azure Fundamentals,"(None, None)",,,
D 304,Azure DevOps Solutions,"(None, None)",,,
D 305,Azure Data Engineer,"(None, None)",,,
D 306,Azure Developer Associate,"(None, None)",,,
D 307,Educational Psychology and Human Development of Children and Adolescents,"(None, None)",,,
D 308,Mobile Application Development (Android),"(None, None)",,,
D 311,Microbiology with Lab: A Fundamental Approach,"(None, None)",,,
D 312,Anatomy and Physiology I with Lab,"(None, None)",,,
D 313,Anatomy and Physiology II with Lab,"(None, None)",,,
D 314,Essentials of Academic Writing,"(None, None)",,,
D 315,Network and Security,"(None, None)",,,
D 316,IT Foundations,"(None, None)",,,
D 317,IT Applications,"(None, None)",,,
D 318,Cloud Applications,"(None, None)",,,
D 319,AWS Cloud Architecture,"(None, None)",,,
D 320,Managing Cloud Security,"(None, None)",,,
D 321,AWS Developer,"(None, None)",,,
D 322,Introduction to IT,"(None, None)",,,
D 324,Business of IT,"(None, None)",,,
D 325,Networks,"(None, None)",,,
D 326,Advanced Data Management,"(None, None)",,,
D 329,Network and Security,"(None, None)",,,
D 330,Data Systems Administration,"(None, None)",,,
D 332,Penetration Testing and Vulnerability Analysis,"(None, None)",,,
D 333,Ethics in Technology,"(None, None)",,,
D 334,Introduction to Cryptography,"(None, None)",,,
D 335,Introduction to Programming in Python,"(None, None)",,,
D 336,Business of IT,"(None, None)",,,
D 337,Internet of Things (IoT) and Infrastructure,"(None, None)",,,
D 338,Cloud Platform Solutions,"(None, None)",,,
D 339,Technical Communication,"(None, None)",,,
D 340,Cyber Defense and Countermeasures,"(None, None)",,,
D 341,Cloud Deployment and Operations,"(None, None)",,,
D 342,Cloud Computing Capstone,"(None, None)",,,
D 343,Foundations of Advanced Psychiatric Mental Health Practice,"(None, None)",,,
D 344,The Assessment and Diagnostic Process of Psychiatric Nurse Practitioner Practice,"(None, None)",,,
D 345,Psychopharmacology for Advanced Psychiatric Mental Health Practice,"(None, None)",,,
D 346,Advanced Psychiatric Mental Health Care of Adults and Older Adults Across Care Settings,"(None, None)",,,
D 347,Advanced Psychiatric Mental Health Care of Children and Adolescents Across Care Settings,"(None, None)",,,
D 348,Psychiatric Mental Health Nurse Practitioner Clinical Internship I,"(None, None)",,,
D 349,Psychiatric Mental Health Nurse Practitioner Clinical Internship II,"(None, None)",,,
D 350,Psychiatric Mental Health Nurse Practitioner Clinical Internship III,"(None, None)",,,
D 351,Functions of Human Resource Management,"(None, None)",,,
D 352,Employment and Labor Law,"(None, None)",,,
D 353,Strategic Training and Development,"(None, None)",,,
D 354,Talent Acquisition,"(None, None)",,,
D 355,Total Rewards,"(None, None)",,,
D 356,HR Technology,"(None, None)",,,
D 357,"Diversity, Equity, and Inclusion","(None, None)",,,
D 358,Global Human Resource Management,"(None, None)",,,
D 359,Agile HR,"(None, None)",,,
D 360,HRM Capstone,"(None, None)",,,
D 361,Business Simulation,"(None, None)",,,
D 362,Corporate Finance,"(None, None)",,,
D 363,Personal Finance,"(None, None)",,,
D 364,Financial Management I,"(None, None)",,,
D 365,Financial Management II,"(None, None)",,,
D 366,Financial Statement Analysis,"(None, None)",,,
D 367,Innovation in Finance,"(None, None)",,,
D 368,Enterprise Risk Management,"(None, None)",,,
D 369,Finance Capstone,"(None, None)",,,
D 370,IT Leadership Foundations,"(None, None)",,,
D 372,Introduction to Systems Thinking,"(None, None)",,,
D 373,Marketing in the Digital Era,"(None, None)",,,
D 374,Market Research,"(None, None)",,,
D 375,Marketing Communications and Storytelling,"(None, None)",,,
D 376,"Product, Price, and Customer Experience","(None, None)",,,
D 377,Digital Marketing Foundations,"(None, None)",,,
D 378,Digital Marketing Science,"(None, None)",,,
D 379,Social Media Marketing,"(None, None)",,,
D 380,Email Marketing,"(None, None)",,,
D 381,E,"(None, None)",,,
D 382,Digital Marketing Analytics,"(None, None)",,,
D 383,Search Engine Optimization,"(None, None)",,,
D 384,Marketing Experiential Capstone,"(None, None)",,,
D 385,Software Security and Testing,"(None, None)",,,
D 386,Hardware and Operating Systems Essentials,"(None, None)",,,
D 387,Advanced Java,"(None, None)",,,
D 388,Fundamentals of Spreadsheets and Data Presentations,"(None, None)",,,
D 389,Learning Strategies in Higher Education,"(None, None)",,,
D 390,Introduction to Health and Human Services,"(None, None)",,,
D 391,Healthcare Ecosystems,"(None, None)",,,
D 393,History of Healthcare in America,"(None, None)",,,
D 394,Care for Individuals and Families,"(None, None)",,,
D 396,Evidence,"(None, None)",,,
D 398,Introduction to Pharmacology,"(None, None)",,,
D 399,Introduction to Gerontology,"(None, None)",,,
D 400,End,"(None, None)",,,
D 401,Introduction to Epidemiology,"(None, None)",,,
D 402,Community and Public Health,"(None, None)",,,
D 404,Healthcare Values and Ethics,"(None, None)",,,
D 405,Financial Resource Management and Healthcare Reimbursement,"(None, None)",,,
D 406,Health Literacy for the Client and Family,"(None, None)",,,
D 407,Models of Care and Healthcare Trends,"(None, None)",,,
D 408,Community Relations and Leadership,"(None, None)",,,
D 409,Health and Human Services Professional Field Experience,"(None, None)",,,
D 410,Health & Human Services Professional Capstone,"(None, None)",,,
D 411,Scripting and Automation,"(None, None)",,,
D 412,Network Analytics and Troubleshooting,"(None, None)",,,
D 413,Telecomm and Wireless Communications,"(None, None)",,,
D 414,Cyber Operations Fundamentals,"(None, None)",,,
D 415,Software Defined Networking,"(None, None)",,,
D 416,DevNet Fundamentals,"(None, None)",,,
D 417,Network Automation and Deployment,"(None, None)",,,
D 418,BSNES Capstone Project,"(None, None)",,,
D 419,Implementing and Administering Networking Solutions,"(None, None)",,,
D 420,Discrete Math: Logic,"(None, None)",,,
D 421,Discrete Math: Functions and Relations,"(None, None)",,,
D 422,Discrete Math: Algorithms and Cryptography,"(None, None)",,,
D 424,Software Engineering Capstone,"(None, None)",,,
D 425,Introduction to Chemistry,"(None, None)",,,
D 426,Data Management,"(None, None)",,,
D 427,Data Management,"(None, None)",,,
D 428,Design Thinking for Business,"(None, None)",,,
D 429,Introduction to AI for Computer Scientists,"(None, None)",,,
D 430,Fundamentals of Information Security,"(None, None)",,,
D 431,Digital Forensics in Cybersecurity,"(None, None)",,,
D 432,HR Compliance and Employee Relations,"(None, None)",,,
D 433,Talent Acquisition and Development,"(None, None)",,,
D 434,Future Focused Total Rewards,"(None, None)",,,
D 435,HR Technology and People Analytics,"(None, None)",,,
D 436,Inclusive Workplace Culture Capstone,"(None, None)",,,
D 439,Foundations of Nursing,"(None, None)",,,
D 440,Health and Wellness Through Nutritional Science,"(None, None)",,,
D 441,Medical Dosage Calculations and Pharmacology,"(None, None)",,,
D 442,Basic Nursing Skills,"(None, None)",,,
D 443,Health Assessment,"(None, None)",,,
D 444,Adult Health I,"(None, None)",,,
D 445,Intermediate Nursing Skills,"(None, None)",,,
D 446,Adult Health II,"(None, None)",,,
D 447,Women's and Children's Nursing,"(None, None)",,,
D 449,Psychiatric and Mental Health Nursing,"(None, None)",,,
D 450,Community Health and Population,"(None, None)",,,
D 453,Advanced Nursing Skills,"(None, None)",,,
D 454,Adult Health III,"(None, None)",,,
D 455,Professional Nursing Role Transition,"(None, None)",,,
D 458,Introduction to Systems Thinking for Health Professionals,"(None, None)",,,
D 459,Introduction to Systems Thinking and Applications,"(None, None)",,,
D 464,Managing Operations,"(None, None)",,,
D 465,Data Applications,"(None, None)",,,
D 466,Analyzing and Visualizing Data,"(None, None)",,,
D 467,Exploring Data,"(None, None)",,,
D 468,Discovering Data,"(None, None)",,,
D 469,"Quality, Continuous Improvement, and Lean Six Sigma","(None, None)",,,
D 470,"Transportation, Logistics, and Distribution","(None, None)",,,
D 471,Global Supply Chain Management,"(None, None)",,,
D 472,21st Century Operations and Supply Chain,"(None, None)",,,
D 473,Solutions Design and Visualization Capstone,"(None, None)",,,
D 479,User Experience Design,"(None, None)",,,
D 480,Software Design and Quality Assurance,"(None, None)",,,
D 481,Security Foundations,"(None, None)",,,
D 482,Secure Network Design,"(None, None)",,,
D 483,Security Operations,"(None, None)",,,
D 484,Penetration Testing,"(None, None)",,,
D 485,Cloud Security,"(None, None)",,,
D 486,"Governance, Risk, and Compliance","(None, None)",,,
D 487,Secure Software Design,"(None, None)",,,
D 488,Cybersecurity Architecture and Engineering,"(None, None)",,,
D 489,Cybersecurity Management,"(None, None)",,,
D 490,Cybersecurity Graduate Capstone,"(None, None)",,,
D 491,Introduction to Analytics,"(None, None)",,,
D 492,Data Analytics,"(None, None)",,,
D 493,Scripting and Programming,"(None, None)",,,
D 494,Data and Information Governance,"(None, None)",,,
D 495,Big Data Foundations,"(None, None)",,,
D 496,Introduction to Data Science,"(None, None)",,,
D 497,Data Wrangling,"(None, None)",,,
D 498,Data Analysis with R,"(None, None)",,,
D 499,Machine Learning,"(None, None)",,,
D 500,Data Visualization,"(None, None)",,,
D 501,Machine Learning DevOps,"(None, None)",,,
D 502,Data Analytics Capstone,"(None, None)",,,
D 509,Innovative Solutions in Healthcare Leadership,"(None, None)",,,
D 510,Collaborative Leadership,"(None, None)",,,
D 511,Healthcare Models and Systems,"(None, None)",,,
D 512,Quality Improvement in Healthcare,"(None, None)",,,
D 513,Healthcare Financial Management,"(None, None)",,,
D 514,Analytical Methods of Healthcare Leaders,"(None, None)",,,
D 515,Enterprise Risk Management,"(None, None)",,,
D 516,Healthcare Information Technology,"(None, None)",,,
D 517,Population Healthcare Coordination,"(None, None)",,,
D 518,Challenges in Community Healthcare,"(None, None)",,,
D 519,Integrated Healthcare Leadership and Administration,"(None, None)",,,
D 520,Healthcare Leadership and Administration Capstone,"(None, None)",,,
D 521,Introduction to Medical Coding,"(None, None)",,,
D 522,Python for IT Automation,"(None, None)",,,
D 533,Student Teaching I in Secondary Education,"(None, None)",,,
D 534,Student Teaching I in Secondary Education,"(None, None)",,,
D 535,Student Teaching II in Secondary Education,"(None, None)",,,
D 536,Student Teaching II in Secondary Education,"(None, None)",,,
D 545,"Healthcare Administration Evolution, Systems, and Leadership","(None, None)",,,
D 546,Healthcare Policy and Governance,"(None, None)",,,
D 547,Evidence,"(None, None)",,,
D 548,Emergency Management and Planning in Healthcare,"(None, None)",,,
D 549,Exploring Emerging Trends in Healthcare Administration,"(None, None)",,,
D 550,Ethics for Accountants,"(None, None)",,,
D 551,Fraud and Forensic Accounting,"(None, None)",,,
D 552,Data Analytics for Accountants I,"(None, None)",,,
D 553,Data Analytics for Accountants II,"(None, None)",,,
D 554,Advanced Financial Accounting I,"(None, None)",,,
D 555,Advanced Financial Accounting II,"(None, None)",,,
D 556,Corporate Financial Analysis,"(None, None)",,,
D 557,Corporate Taxation,"(None, None)",,,
D 558,Pass,"(None, None)",,,
D 559,Advanced Managerial Accounting,"(None, None)",,,
D 560,Internal Auditing I,"(None, None)",,,
D 561,Information Systems for Accounting and Control,"(None, None)",,,
D 562,Internal Auditing II,"(None, None)",,,
D 564,Theories of Personality,"(None, None)",,,
D 565,Cultural Awareness and Ethics,"(None, None)",,,
D 566,Psychology of Learning,"(None, None)",,,
D 567,Social Psychology,"(None, None)",,,
D 568,Health Equity and Social Determinants of Health,"(None, None)",,,
D 569,Adult Psychology,"(None, None)",,,
D 570,Cognitive Psychology,"(None, None)",,,
D 571,Psychopathology,"(None, None)",,,
D 572,Career and Lifelong Learning,"(None, None)",,,
D 573,Understanding Substance Abuse & Addiction,"(None, None)",,,
D 574,Neuropsychology,"(None, None)",,,
D 575,Health Psychology,"(None, None)",,,
D 576,Industrial and Organizational Psychology,"(None, None)",,,
D 577,Team Dynamics,"(None, None)",,,
D 578,Capstone in Psychology,"(None, None)",,,
D 579,Mental Health Awareness and Education,"(None, None)",,,
D 580,Healthcare Administration Capstone,"(None, None)",,,
D 581,Introduction to Research Methods,"(None, None)",,,
D 582,Introduction to Statistics for Research,"(None, None)",,,
D 583,Foundations in Public Health,"(None, None)",,,
D 584,Program Planning and Implementation,"(None, None)",,,
D 585,Program Evaluation,"(None, None)",,,
D 586,Public Health Policy,"(None, None)",,,
D 587,Gender and Health,"(None, None)",,,
D 588,Human Sexuality,"(None, None)",,,
D 589,Chronic and Infectious Diseases,"(None, None)",,,
D 590,Public Health Administration,"(None, None)",,,
D 591,Grant Writing,"(None, None)",,,
D 592,Environmental Health,"(None, None)",,,
D 593,Global Health,"(None, None)",,,
D 594,Public Health Leadership and Administration,"(None, None)",,,
D 595,Public Health Capstone,"(None, None)",,,
D 596,The Data Analytics Journey,"(None, None)",,,
D 597,Data Management,"(None, None)",,,
D 598,Analytics Programming,"(None, None)",,,
D 599,Data Preparation and Exploration,"(None, None)",,,
D 600,Statistical Data Mining,"(None, None)",,,
D 601,Data Storytelling for Varied Audiences,"(None, None)",,,
D 602,Deployment,"(None, None)",,,
D 603,Machine Learning,"(None, None)",,,
D 604,Advanced Analytics,"(None, None)",,,
D 605,Optimization,"(None, None)",,,
D 606,Data Science Capstone,"(None, None)",,,
D 607,Cloud Databases,"(None, None)",,,
D 608,Data Processing,"(None, None)",,,
D 609,Data Analytics at Scale,"(None, None)",,,
D 610,Data Engineering Capstone,"(None, None)",,,
D 612,Business Process Engineering,"(None, None)",,,
D 613,Decision Intelligence,"(None, None)",,,
D 614,Decision Process Engineering Capstone,"(None, None)",,,
D 616,Consumer Behavior,"(None, None)",,,
D 617,Public Health Core Functions and Essential Services,"(None, None)",,,
D 618,Environmental Health,"(None, None)",,,
D 619,Global Health,"(None, None)",,,
D 620,Public Health Leadership and Administration,"(None, None)",,,
D 621,Social and Behavioral Determinants of Health,"(None, None)",,,
D 622,"Public Health Assessment, Program Planning, Intervention, and Evaluation","(None, None)",,,
D 623,Public Health Finance and Funding,"(None, None)",,,
D 624,Biostatistics and Analysis,"(None, None)",,,
D 625,Principles of Epidemiology,"(None, None)",,,
D 626,Public Health Policy and Advocacy,"(None, None)",,,
D 627,Public Health Education and Promotion,"(None, None)",,,
D 628,Public Health Graduate Capstone,"(None, None)",,,
D 629,The Reflective Practitioner,"(None, None)",,,
D 630,Designing Curriculum and Instruction I,"(None, None)",,,
D 631,Designing Curriculum and Instruction II,"(None, None)",,,
D 632,Cultural Competency and Social,"(None, None)",,,
D 633,Leadership of Curriculum Design and Instruction,"(None, None)",,,
D 634,Health Sciences Capstone,"(None, None)",,,
D 635,Practices for Inclusive Classrooms,"(None, None)",,,
D 636,Establishing Positive and Engaging Learning Environments,"(None, None)",,,
D 637,Curriculum and Instructional Strategies for Meaningful Learning,"(None, None)",,,
D 638,Monitoring Student Learning Through Assessment,"(None, None)",,,
D 639,Technology for Instruction and Online Pedagogy,"(None, None)",,,
D 640,"Giving, Receiving and Incorporating Feedback","(None, None)",,,
D 641,Adapting to Ambiguity,"(None, None)",,,
D 642,Empathy and Inclusive Collaboration,"(None, None)",,,
D 643,Navigating Complex Problems,"(None, None)",,,
D 644,Foundations of Strategic Communications,"(None, None)",,,
D 645,Crafting a Communications Strategy Through Research and Data Insights,"(None, None)",,,
D 646,Delivering a Communications Strategy,"(None, None)",,,
D 647,Evaluating a Communications Strategy,"(None, None)",,,
D 648,Leveraging AI and Technology in Strategic Communications,"(None, None)",,,
D 649,Crisis Communication,"(None, None)",,,
D 650,Communications Applied Learning Capstone,"(None, None)",,,
D 651,Foundations of Design,"(None, None)",,,
D 652,Design Applications,"(None, None)",,,
D 653,"Empathizing, Defining, and Ideating","(None, None)",,,
D 654,Prototyping and Iterating I,"(None, None)",,,
D 655,Prototyping and Iterating II,"(None, None)",,,
D 656,Leveraging AI and Technology in Design,"(None, None)",,,
D 657,Design Applied Learning Capstone,"(None, None)",,,
D 658,Planning Instructional Strategies for Meaningful Learning,"(None, None)",,,
D 659,Assessing and Monitoring Student Learning,"(None, None)",,,
D 660,Instructional Technology and Online Pedagogy,"(None, None)",,,
D 661,Creating Positive Learning Environments,"(None, None)",,,
D 662,Personalized Learning for Inclusive Classrooms,"(None, None)",,,
D 663,The Professional Educator,"(None, None)",,,
D 664,Learners and Learning Science,"(None, None)",,,
D 665,Learner Development and the Science of Learning,"(None, None)",,,
D 668,Elementary Literacy Curriculum,"(None, None)",,,
D 669,Early Literacy Methods,"(None, None)",,,
D 670,Elementary Literacy Methods,"(None, None)",,,
D 671,Elementary Science Curriculum,"(None, None)",,,
D 672,Elementary Science and Engineering Methods,"(None, None)",,,
D 673,Elementary Social Studies Curriculum,"(None, None)",,,
D 674,Elementary Social Studies Methods,"(None, None)",,,
D 675,Elementary Literacy Methods,"(None, None)",,,
D 676,Early Literacy Methods,"(None, None)",,,
D 677,Elementary Literacy Curriculum,"(None, None)",,,
D 678,Elementary Science Curriculum,"(None, None)",,,
D 679,Elementary Science and Engineering Methods,"(None, None)",,,
D 680,Elementary Social Studies Curriculum,"(None, None)",,,
D 681,Elementary Social Studies Methods,"(None, None)",,,
D 682,Artificial Intelligence Optimization for Computer Scientists,"(None, None)",,,
D 683,Advanced AI and ML,"(None, None)",,,
D 684,Introduction to Computer Science,"(None, None)",,,
D 685,Practical Applications of Prompt,"(None, None)",,,
D 686,Operating Systems for Computer Scientists,"(None, None)",,,
D 687,Computer Science Project Development with a Team,"(None, None)",,,
D 688,Foundations of Literacy Through Literature,"(None, None)",,,
D 689,Literacy Assessment and Interventions,"(None, None)",,,
D 690,Elementary Disciplinary Literacy,"(None, None)",,,
D 691,Elementary Mathematics Curriculum,"(None, None)",,,
D 692,Early Mathematics Methods and Interventions,"(None, None)",,,
D 693,Elementary Mathematics Methods and Interventions,"(None, None)",,,
D 694,Elementary Health and Physical Education Methods,"(None, None)",,,
D 695,Elementary Fine Arts Methods,"(None, None)",,,
D 696,Foundations of Literacy Through Literature,"(None, None)",,,
D 697,Literacy Assessment and Interventions,"(None, None)",,,
D 698,Elementary Disciplinary Literacy,"(None, None)",,,
D 699,Elementary Mathematics Curriculum,"(None, None)",,,
D 700,Early Mathematics Methods and Interventions,"(None, None)",,,
D 701,Elementary Mathematics Methods and Interventions,"(None, None)",,,
D 702,Elementary Health and Physical Education Methods,"(None, None)",,,
D 703,Elementary Fine Arts Methods,"(None, None)",,,
D 705,Early Clinical in Special Education,"(None, None)",,,
D 706,Early Clinical in Elementary Education,"(None, None)",,,
D 708,Advanced Clinical in Elementary Education,"(None, None)",,,
D 717,Student Teaching I in Elementary Education,"(None, None)",,,
D 718,Student Teaching II in Elementary Education,"(None, None)",,,
D 719,Student Teaching I in Special Education,"(None, None)",,,
D 720,Student Teaching II in Special Education,"(None, None)",,,
D 723,Advanced Clinical in Special Education,"(None, None)",,,
D 724,Early Clinical in Elementary Education,"(None, None)",,,
D 725,Early Clinical in Special Education,"(None, None)",,,
D 727,Advanced Clinical in Elementary Education,"(None, None)",,,
D 728,Advanced Clinical in Special Education,"(None, None)",,,
D 737,Student Teaching I in Elementary Education,"(None, None)",,,
D 738,Student Teaching II in Elementary Education,"(None, None)",,,
D 739,Student Teaching I in Special Education,"(None, None)",,,
D 740,Student Teaching II in Special Education,"(None, None)",,,
D 743,Education Portfolio,"(None, None)",,,
D 744,Student Teaching I in Elementary and Special Education,"(None, None)",,,
D 745,Student Teaching II in Elementary and Special Education,"(None, None)",,,
D 750,Early Clinical in Elementary and Special Education,"(None, None)",,,
D 751,Advanced Clinical in Elementary and Special Education,"(None, None)",,,
D 752,The Education Professional,"(None, None)",,,
D 753,Behavioral Intervention Strategies and Applied Behavior Analysis,"(None, None)",,,
D 754,"Special Education Law, Policies and Procedures","(None, None)",,,
D 755,Assessment for Special Education,"(None, None)",,,
D 756,Individualized Education Plan (IEP) Collaboration and Communication with Parents and School Staff,"(None, None)",,,
D 757,Special Education Curriculum,"(None, None)",,,
D 758,Considerations for Instructional Planning for Learners,"(None, None)",,,
D 759,Elementary Literacy and Mathematics Strategies and Assistive Technologies,"(None, None)",,,
D 760,Secondary Literacy and Mathematics Strategies and Assistive Technologies,"(None, None)",,,
D 761,Behavioral Intervention Strategies and Applied Behavior Analysis,"(None, None)",,,
D 762,"Special Education Law, Policies and Procedures","(None, None)",,,
D 763,Assessment for Special Education,"(None, None)",,,
D 764,Individualized Education Plan (IEP) Collaboration and Communication with Parents and School Staff,"(None, None)",,,
D 765,Special Education Curriculum,"(None, None)",,,
D 766,Considerations for Instructional Planning for Learners,"(None, None)",,,
D 767,Elementary Literacy and Mathematics Strategies and Assistive Technologies,"(None, None)",,,
D 768,Secondary Literacy and Mathematics Strategies and Assistive Technologies,"(None, None)",,,
D 769,Secondary Literacy Methods and Interventions,"(None, None)",,,
D 770,Secondary Literacy Methods and Interventions,"(None, None)",,,
D 771,Quantitative Literacy,"(None, None)",,,
D 772,Statistical Data Literacy,"(None, None)",,,
D 773,Technology and Ethics: Emerging Trends and Society,"(None, None)",,,
D 774,Introduction to Business Accounting,"(None, None)",,,
D 775,Introduction to Business Finance,"(None, None)",,,
D 776,Healthcare Leadership and Community Engagement,"(None, None)",,,
D 842,Technology and Ethics: A Look at Emerging Trends and Society,"(None, None)",,,
DPT 1,Physics: Electricity and Magnetism,"(None, None)",,,
DPT 2,Physics: Electricity and Magnetism,"(None, None)",,,
E 224,Global and Population Health,"(None, None)",,,
E 225,Emerging Professional Practice,"(None, None)",,,
ELO 1,Subject Specific Pedagogy: ELL,"(None, None)",,,
FEA 1,Field Experience for ELL,"(None, None)",,,
LPA 1,"Language Production, Theory and Acquisition","(None, None)",,,
LZT 2,"Power, Influence and Leadership","(None, None)",,,
MBT 2,Technological Globalization,"(None, None)",,,
MFT 2,Mathematics (K,"(None, None)",,,
MGT 2,IT Project Management,"(None, None)",,,
MMT 2,IT Strategic Solutions,"(None, None)",,,
NMA 1,Professional Role of the  ELL Teacher,"(None, None)",,,
NNA 1,"Planning, Implementing, Managing Instruction","(None, None)",,,
OOT 2,Mathematics History and Technology,"(None, None)",,,
OPT 2,Mathematics Learning and Teaching,"(None, None)",,,
PFIT,Business,"(None, None)",,,
QDT 1,Abstract Algebra,"(None, None)",,,
QDT 2,Abstract Algebra,"(None, None)",,,
QFT 1,Business,"(None, None)",,,
QGT 1,Business Management Capstone Written Project,"(None, None)",,,
QHT 1,Business Management Tasks,"(None, None)",,,
QJT 2,Calculus I,"(None, None)",,,
QTT 2,Finite Mathematics,"(None, None)",,,
RKT 1,Linear Algebra,"(None, None)",,,
RKT 2,Linear Algebra,"(None, None)",,,
RNT 1,General Physics,"(None, None)",,,
RNT 2,General Physics,"(None, None)",,,
RXT 2,Precalculus and Calculus,"(None, None)",,,
SLO 1,Theories of Second Language Acquisition and Grammar,"(None, None)",,,
TOC 2,Probability and Statistics I,"(None, None)",,,
TQC 1,Probability and Statistics II,"(None, None)",,,
TQC 2,Probability and Statistics II,"(None, None)",,,
UQT 1,Organic Chemistry,"(None, None)",,,
VZT 1,Marketing Applications,"(None, None)",,,
